country,country_code,project,page_id,page_title,item_id,pageviews,date,show
Malaysia,MY,en.wikipedia,75697706,A_Shop_for_Killers,Q123999260,160,2026-09-01,A Shop for Killers Season 2
India,IN,en.wikipedia,82034667,"Four_Hands,_Two_Sonatas",Q137271520,1082,2026-09-01,"Four Hands, Two Sonatas"
Indonesia,ID,en.wikipedia,83541358,"My_Bias,_My_Boss",Q140329306,263,2026-09-01,"My Bias, My Boss"
Japan,JP,en.wikipedia,82063377,Mousetrap_(TV_series),Q140198906,301,2026-09-01,Mousetrap
Malaysia,MY,en.wikipedia,82034667,"Four_Hands,_Two_Sonatas",Q137271520,427,2026-09-01,"Four Hands, Two Sonatas"
Nigeria,NG,en.wikipedia,83541358,"My_Bias,_My_Boss",Q140329306,155,2026-09-01,"My Bias, My Boss"
United States,US,en.wikipedia,82063377,Mousetrap_(TV_series),Q140198906,1879,2026-09-01,Mousetrap
United Kingdom,GB,en.wikipedia,82063377,Mousetrap_(TV_series),Q140198906,542,2026-09-01,Mousetrap
United Kingdom,GB,en.wikipedia,82034667,"Four_Hands,_Two_Sonatas",Q137271520,333,2026-09-01,"Four Hands, Two Sonatas"
India,IN,en.wikipedia,75325345,Flex_X_Cop,Q121879488,187,2026-09-01,Flex X Cop Season 2
Indonesia,ID,en.wikipedia,82063072,Our_Sticky_Love,Q137835829,145,2026-09-01,Our Sticky Love
Philippines,PH,en.wikipedia,83541358,"My_Bias,_My_Boss",Q140329306,800,2026-09-01,"My Bias, My Boss"
Germany,DE,en.wikipedia,82063072,Our_Sticky_Love,Q137835829,95,2026-09-01,Our Sticky Love
United States,US,en.wikipedia,82063072,Our_Sticky_Love,Q137835829,887,2026-09-01,Our Sticky Love
New Zealand,NZ,en.wikipedia,82063377,Mousetrap_(TV_series),Q140198906,98,2026-09-01,Mousetrap
France,FR,en.wikipedia,83541358,"My_Bias,_My_Boss",Q140329306,146,2026-09-01,"My Bias, My Boss"
Indonesia,ID,en.wikipedia,82063377,Mousetrap_(TV_series),Q140198906,369,2026-09-01,Mousetrap
Philippines,PH,en.wikipedia,82034667,"Four_Hands,_Two_Sonatas",Q137271520,625,2026-09-01,"Four Hands, Two Sonatas"
India,IN,en.wikipedia,83541358,"My_Bias,_My_Boss",Q140329306,2044,2026-09-01,"My Bias, My Boss"
Philippines,PH,en.wikipedia,83488921,A_Bona_Fide_Killer,Q139411314,437,2026-09-01,A Bona Fide Killer
Thailand,TH,en.wikipedia,82063072,Our_Sticky_Love,Q137835829,90,2026-09-01,Our Sticky Love
Italy,IT,en.wikipedia,82063377,Mousetrap_(TV_series),Q140198906,241,2026-09-01,Mousetrap
Indonesia,ID,en.wikipedia,83232158,Spooky_in_Love,Q138266416,98,2026-09-01,Spooky in Love
Philippines,PH,en.wikipedia,75325345,Flex_X_Cop,Q121879488,128,2026-09-01,Flex X Cop Season 2
Singapore,SG,en.wikipedia,75325345,Flex_X_Cop,Q121879488,140,2026-09-01,Flex X Cop Season 2
Malaysia,MY,en.wikipedia,83541358,"My_Bias,_My_Boss",Q140329306,423,2026-09-01,"My Bias, My Boss"
Canada,CA,en.wikipedia,83232158,Spooky_in_Love,Q138266416,136,2026-09-01,Spooky in Love
Japan,JP,en.wikipedia,82063072,Our_Sticky_Love,Q137835829,127,2026-09-01,Our Sticky Love
Australia,AU,en.wikipedia,83541358,"My_Bias,_My_Boss",Q140329306,120,2026-09-01,"My Bias, My Boss"
Italy,IT,en.wikipedia,82034667,"Four_Hands,_Two_Sonatas",Q137271520,237,2026-09-01,"Four Hands, Two Sonatas"
Philippines,PH,en.wikipedia,82063072,Our_Sticky_Love,Q137835829,379,2026-09-01,Our Sticky Love
Thailand,TH,en.wikipedia,83541358,"My_Bias,_My_Boss",Q140329306,185,2026-09-01,"My Bias, My Boss"
Singapore,SG,en.wikipedia,82063072,Our_Sticky_Love,Q137835829,269,2026-09-01,Our Sticky Love
Canada,CA,en.wikipedia,83541358,"My_Bias,_My_Boss",Q140329306,198,2026-09-01,"My Bias, My Boss"
United Kingdom,GB,en.wikipedia,82063072,Our_Sticky_Love,Q137835829,122,2026-09-01,Our Sticky Love
United Kingdom,GB,en.wikipedia,83541358,"My_Bias,_My_Boss",Q140329306,188,2026-09-01,"My Bias, My Boss"
Malaysia,MY,en.wikipedia,82063072,Our_Sticky_Love,Q137835829,359,2026-09-01,Our Sticky Love
Indonesia,ID,en.wikipedia,83488921,A_Bona_Fide_Killer,Q139411314,115,2026-09-01,A Bona Fide Killer
Nigeria,NG,en.wikipedia,82034667,"Four_Hands,_Two_Sonatas",Q137271520,93,2026-09-01,"Four Hands, Two Sonatas"
Singapore,SG,en.wikipedia,83232158,Spooky_in_Love,Q138266416,226,2026-09-01,Spooky in Love
Philippines,PH,en.wikipedia,82063377,Mousetrap_(TV_series),Q140198906,1436,2026-09-01,Mousetrap
Germany,DE,en.wikipedia,82034667,"Four_Hands,_Two_Sonatas",Q137271520,120,2026-09-01,"Four Hands, Two Sonatas"
Germany,DE,en.wikipedia,82063377,Mousetrap_(TV_series),Q140198906,198,2026-09-01,Mousetrap
United States,US,en.wikipedia,75325345,Flex_X_Cop,Q121879488,139,2026-09-01,Flex X Cop Season 2
Australia,AU,en.wikipedia,82063072,Our_Sticky_Love,Q137835829,127,2026-09-01,Our Sticky Love
Poland,PL,en.wikipedia,83541358,"My_Bias,_My_Boss",Q140329306,120,2026-09-01,"My Bias, My Boss"
United States,US,en.wikipedia,83232158,Spooky_in_Love,Q138266416,651,2026-09-01,Spooky in Love
United States,US,en.wikipedia,75697706,A_Shop_for_Killers,Q123999260,287,2026-09-01,A Shop for Killers Season 2
Philippines,PH,en.wikipedia,75697706,A_Shop_for_Killers,Q123999260,166,2026-09-01,A Shop for Killers Season 2
Malaysia,MY,en.wikipedia,75325345,Flex_X_Cop,Q121879488,127,2026-09-01,Flex X Cop Season 2
United States,US,en.wikipedia,82034667,"Four_Hands,_Two_Sonatas",Q137271520,1144,2026-09-01,"Four Hands, Two Sonatas"
India,IN,en.wikipedia,83488921,A_Bona_Fide_Killer,Q139411314,222,2026-09-01,A Bona Fide Killer
India,IN,en.wikipedia,75697706,A_Shop_for_Killers,Q123999260,239,2026-09-01,A Shop for Killers Season 2
Brazil,BR,en.wikipedia,82034667,"Four_Hands,_Two_Sonatas",Q137271520,143,2026-09-01,"Four Hands, Two Sonatas"
Indonesia,ID,en.wikipedia,82034667,"Four_Hands,_Two_Sonatas",Q137271520,221,2026-09-01,"Four Hands, Two Sonatas"
Canada,CA,en.wikipedia,82063377,Mousetrap_(TV_series),Q140198906,537,2026-09-01,Mousetrap
United States,US,en.wikipedia,83541358,"My_Bias,_My_Boss",Q140329306,596,2026-09-01,"My Bias, My Boss"
Singapore,SG,en.wikipedia,75697706,A_Shop_for_Killers,Q123999260,122,2026-09-01,A Shop for Killers Season 2
India,IN,en.wikipedia,82063072,Our_Sticky_Love,Q137835829,570,2026-09-01,Our Sticky Love
India,IN,en.wikipedia,83232158,Spooky_in_Love,Q138266416,287,2026-09-01,Spooky in Love
Malaysia,MY,en.wikipedia,83488921,A_Bona_Fide_Killer,Q139411314,207,2026-09-01,A Bona Fide Killer
Singapore,SG,en.wikipedia,82034667,"Four_Hands,_Two_Sonatas",Q137271520,408,2026-09-01,"Four Hands, Two Sonatas"
Brazil,BR,en.wikipedia,82063377,Mousetrap_(TV_series),Q140198906,115,2026-09-01,Mousetrap
Singapore,SG,en.wikipedia,83541358,"My_Bias,_My_Boss",Q140329306,202,2026-09-01,"My Bias, My Boss"
Japan,JP,en.wikipedia,75697706,A_Shop_for_Killers,Q123999260,117,2026-09-01,A Shop for Killers Season 2
India,IN,en.wikipedia,82063377,Mousetrap_(TV_series),Q140198906,2260,2026-09-01,Mousetrap
Malaysia,MY,en.wikipedia,83232158,Spooky_in_Love,Q138266416,169,2026-09-01,Spooky in Love
Australia,AU,en.wikipedia,83232158,Spooky_in_Love,Q138266416,105,2026-09-01,Spooky in Love
Singapore,SG,en.wikipedia,83488921,A_Bona_Fide_Killer,Q139411314,165,2026-09-01,A Bona Fide Killer
United States,US,en.wikipedia,83488921,A_Bona_Fide_Killer,Q139411314,471,2026-09-01,A Bona Fide Killer
Canada,CA,en.wikipedia,82063072,Our_Sticky_Love,Q137835829,221,2026-09-01,Our Sticky Love
Australia,AU,en.wikipedia,82063377,Mousetrap_(TV_series),Q140198906,449,2026-09-01,Mousetrap
Japan,JP,en.wikipedia,82034667,"Four_Hands,_Two_Sonatas",Q137271520,150,2026-09-01,"Four Hands, Two Sonatas"
Malaysia,MY,en.wikipedia,82063377,Mousetrap_(TV_series),Q140198906,1221,2026-09-01,Mousetrap
South Korea,KR,en.wikipedia,82063377,Mousetrap_(TV_series),Q140198906,115,2026-09-01,Mousetrap
France,FR,en.wikipedia,83232158,Spooky_in_Love,Q138266416,101,2026-09-01,Spooky in Love
Nigeria,NG,en.wikipedia,82063377,Mousetrap_(TV_series),Q140198906,176,2026-09-01,Mousetrap
Singapore,SG,en.wikipedia,82063377,Mousetrap_(TV_series),Q140198906,829,2026-09-01,Mousetrap
Australia,AU,en.wikipedia,82034667,"Four_Hands,_Two_Sonatas",Q137271520,203,2026-09-01,"Four Hands, Two Sonatas"
Thailand,TH,en.wikipedia,82063377,Mousetrap_(TV_series),Q140198906,206,2026-09-01,Mousetrap
Philippines,PH,en.wikipedia,83232158,Spooky_in_Love,Q138266416,246,2026-09-01,Spooky in Love
Canada,CA,en.wikipedia,82034667,"Four_Hands,_Two_Sonatas",Q137271520,279,2026-09-01,"Four Hands, Two Sonatas"
Malaysia,MY,en.wikipedia,75697706,A_Shop_for_Killers,Q123999260,105,2026-09-02,A Shop for Killers Season 2
India,IN,en.wikipedia,82034667,"Four_Hands,_Two_Sonatas",Q137271520,649,2026-09-02,"Four Hands, Two Sonatas"
Nigeria,NG,en.wikipedia,83488921,A_Bona_Fide_Killer,Q139411314,110,2026-09-02,A Bona Fide Killer
Indonesia,ID,en.wikipedia,83541358,"My_Bias,_My_Boss",Q140329306,236,2026-09-02,"My Bias, My Boss"
Japan,JP,en.wikipedia,82063377,Mousetrap_(TV_series),Q140198906,236,2026-09-02,Mousetrap
Malaysia,MY,en.wikipedia,82034667,"Four_Hands,_Two_Sonatas",Q137271520,301,2026-09-02,"Four Hands, Two Sonatas"
Nigeria,NG,en.wikipedia,83541358,"My_Bias,_My_Boss",Q140329306,92,2026-09-02,"My Bias, My Boss"
United States,US,en.wikipedia,82063377,Mousetrap_(TV_series),Q140198906,1510,2026-09-02,Mousetrap
United Kingdom,GB,en.wikipedia,82063377,Mousetrap_(TV_series),Q140198906,386,2026-09-02,Mousetrap
United Kingdom,GB,en.wikipedia,82034667,"Four_Hands,_Two_Sonatas",Q137271520,159,2026-09-02,"Four Hands, Two Sonatas"
India,IN,en.wikipedia,75325345,Flex_X_Cop,Q121879488,158,2026-09-02,Flex X Cop Season 2
Indonesia,ID,en.wikipedia,82063072,Our_Sticky_Love,Q137835829,117,2026-09-02,Our Sticky Love
Philippines,PH,en.wikipedia,83541358,"My_Bias,_My_Boss",Q140329306,803,2026-09-02,"My Bias, My Boss"
United States,US,en.wikipedia,82063072,Our_Sticky_Love,Q137835829,756,2026-09-02,Our Sticky Love
Indonesia,ID,en.wikipedia,82063377,Mousetrap_(TV_series),Q140198906,382,2026-09-02,Mousetrap
Philippines,PH,en.wikipedia,82034667,"Four_Hands,_Two_Sonatas",Q137271520,429,2026-09-02,"Four Hands, Two Sonatas"
India,IN,en.wikipedia,83541358,"My_Bias,_My_Boss",Q140329306,1607,2026-09-02,"My Bias, My Boss"
Philippines,PH,en.wikipedia,83488921,A_Bona_Fide_Killer,Q139411314,381,2026-09-02,A Bona Fide Killer
Thailand,TH,en.wikipedia,82063072,Our_Sticky_Love,Q137835829,91,2026-09-02,Our Sticky Love
Italy,IT,en.wikipedia,82063377,Mousetrap_(TV_series),Q140198906,131,2026-09-02,Mousetrap
Philippines,PH,en.wikipedia,75325345,Flex_X_Cop,Q121879488,116,2026-09-02,Flex X Cop Season 2
Malaysia,MY,en.wikipedia,83541358,"My_Bias,_My_Boss",Q140329306,379,2026-09-02,"My Bias, My Boss"
Canada,CA,en.wikipedia,83232158,Spooky_in_Love,Q138266416,99,2026-09-02,Spooky in Love
Japan,JP,en.wikipedia,82063072,Our_Sticky_Love,Q137835829,122,2026-09-02,Our Sticky Love
Australia,AU,en.wikipedia,83541358,"My_Bias,_My_Boss",Q140329306,110,2026-09-02,"My Bias, My Boss"
Italy,IT,en.wikipedia,82034667,"Four_Hands,_Two_Sonatas",Q137271520,138,2026-09-02,"Four Hands, Two Sonatas"
Philippines,PH,en.wikipedia,82063072,Our_Sticky_Love,Q137835829,363,2026-09-02,Our Sticky Love
Thailand,TH,en.wikipedia,83541358,"My_Bias,_My_Boss",Q140329306,160,2026-09-02,"My Bias, My Boss"
Singapore,SG,en.wikipedia,82063072,Our_Sticky_Love,Q137835829,172,2026-09-02,Our Sticky Love
Canada,CA,en.wikipedia,83541358,"My_Bias,_My_Boss",Q140329306,155,2026-09-02,"My Bias, My Boss"
United Kingdom,GB,en.wikipedia,82063072,Our_Sticky_Love,Q137835829,120,2026-09-02,Our Sticky Love
United Kingdom,GB,en.wikipedia,83541358,"My_Bias,_My_Boss",Q140329306,142,2026-09-02,"My Bias, My Boss"
Malaysia,MY,en.wikipedia,82063072,Our_Sticky_Love,Q137835829,275,2026-09-02,Our Sticky Love
Indonesia,ID,en.wikipedia,83488921,A_Bona_Fide_Killer,Q139411314,139,2026-09-02,A Bona Fide Killer
Singapore,SG,en.wikipedia,83232158,Spooky_in_Love,Q138266416,165,2026-09-02,Spooky in Love
Philippines,PH,en.wikipedia,82063377,Mousetrap_(TV_series),Q140198906,1297,2026-09-02,Mousetrap
Italy,IT,en.wikipedia,82063072,Our_Sticky_Love,Q137835829,98,2026-09-02,Our Sticky Love
Germany,DE,en.wikipedia,82063377,Mousetrap_(TV_series),Q140198906,181,2026-09-02,Mousetrap
United States,US,en.wikipedia,75325345,Flex_X_Cop,Q121879488,132,2026-09-02,Flex X Cop Season 2
United States,US,en.wikipedia,83232158,Spooky_in_Love,Q138266416,533,2026-09-02,Spooky in Love
United States,US,en.wikipedia,75697706,A_Shop_for_Killers,Q123999260,313,2026-09-02,A Shop for Killers Season 2
Philippines,PH,en.wikipedia,75697706,A_Shop_for_Killers,Q123999260,179,2026-09-02,A Shop for Killers Season 2
United States,US,en.wikipedia,82034667,"Four_Hands,_Two_Sonatas",Q137271520,903,2026-09-02,"Four Hands, Two Sonatas"
India,IN,en.wikipedia,83488921,A_Bona_Fide_Killer,Q139411314,229,2026-09-02,A Bona Fide Killer
India,IN,en.wikipedia,75697706,A_Shop_for_Killers,Q123999260,231,2026-09-02,A Shop for Killers Season 2
Brazil,BR,en.wikipedia,82034667,"Four_Hands,_Two_Sonatas",Q137271520,135,2026-09-02,"Four Hands, Two Sonatas"
Indonesia,ID,en.wikipedia,82034667,"Four_Hands,_Two_Sonatas",Q137271520,157,2026-09-02,"Four Hands, Two Sonatas"
Canada,CA,en.wikipedia,82063377,Mousetrap_(TV_series),Q140198906,474,2026-09-02,Mousetrap
United States,US,en.wikipedia,83541358,"My_Bias,_My_Boss",Q140329306,490,2026-09-02,"My Bias, My Boss"
Singapore,SG,en.wikipedia,75697706,A_Shop_for_Killers,Q123999260,109,2026-09-02,A Shop for Killers Season 2
India,IN,en.wikipedia,82063072,Our_Sticky_Love,Q137835829,492,2026-09-02,Our Sticky Love
India,IN,en.wikipedia,83232158,Spooky_in_Love,Q138266416,308,2026-09-02,Spooky in Love
Malaysia,MY,en.wikipedia,83488921,A_Bona_Fide_Killer,Q139411314,257,2026-09-02,A Bona Fide Killer
Singapore,SG,en.wikipedia,82034667,"Four_Hands,_Two_Sonatas",Q137271520,309,2026-09-02,"Four Hands, Two Sonatas"
Singapore,SG,en.wikipedia,83541358,"My_Bias,_My_Boss",Q140329306,183,2026-09-02,"My Bias, My Boss"
India,IN,en.wikipedia,82063377,Mousetrap_(TV_series),Q140198906,1727,2026-09-02,Mousetrap
Malaysia,MY,en.wikipedia,83232158,Spooky_in_Love,Q138266416,176,2026-09-02,Spooky in Love
Singapore,SG,en.wikipedia,83488921,A_Bona_Fide_Killer,Q139411314,156,2026-09-02,A Bona Fide Killer
United States,US,en.wikipedia,83488921,A_Bona_Fide_Killer,Q139411314,363,2026-09-02,A Bona Fide Killer
Canada,CA,en.wikipedia,82063072,Our_Sticky_Love,Q137835829,159,2026-09-02,Our Sticky Love
Australia,AU,en.wikipedia,82063377,Mousetrap_(TV_series),Q140198906,318,2026-09-02,Mousetrap
Japan,JP,en.wikipedia,82034667,"Four_Hands,_Two_Sonatas",Q137271520,110,2026-09-02,"Four Hands, Two Sonatas"
Malaysia,MY,en.wikipedia,82063377,Mousetrap_(TV_series),Q140198906,1002,2026-09-02,Mousetrap
Nigeria,NG,en.wikipedia,82063377,Mousetrap_(TV_series),Q140198906,105,2026-09-02,Mousetrap
Singapore,SG,en.wikipedia,82063377,Mousetrap_(TV_series),Q140198906,754,2026-09-02,Mousetrap
Australia,AU,en.wikipedia,82034667,"Four_Hands,_Two_Sonatas",Q137271520,167,2026-09-02,"Four Hands, Two Sonatas"
Thailand,TH,en.wikipedia,82063377,Mousetrap_(TV_series),Q140198906,229,2026-09-02,Mousetrap
Philippines,PH,en.wikipedia,83232158,Spooky_in_Love,Q138266416,211,2026-09-02,Spooky in Love
Canada,CA,en.wikipedia,82034667,"Four_Hands,_Two_Sonatas",Q137271520,195,2026-09-02,"Four Hands, Two Sonatas"
Malaysia,MY,en.wikipedia,75697706,A_Shop_for_Killers,Q123999260,147,2026-09-03,A Shop for Killers Season 2
India,IN,en.wikipedia,82034667,"Four_Hands,_Two_Sonatas",Q137271520,561,2026-09-03,"Four Hands, Two Sonatas"
Indonesia,ID,en.wikipedia,83541358,"My_Bias,_My_Boss",Q140329306,176,2026-09-03,"My Bias, My Boss"
Japan,JP,en.wikipedia,82063377,Mousetrap_(TV_series),Q140198906,283,2026-09-03,Mousetrap
Malaysia,MY,en.wikipedia,82034667,"Four_Hands,_Two_Sonatas",Q137271520,191,2026-09-03,"Four Hands, Two Sonatas"
United States,US,en.wikipedia,82063377,Mousetrap_(TV_series),Q140198906,1753,2026-09-03,Mousetrap
United Kingdom,GB,en.wikipedia,82063377,Mousetrap_(TV_series),Q140198906,422,2026-09-03,Mousetrap
United Kingdom,GB,en.wikipedia,82034667,"Four_Hands,_Two_Sonatas",Q137271520,164,2026-09-03,"Four Hands, Two Sonatas"
India,IN,en.wikipedia,75325345,Flex_X_Cop,Q121879488,142,2026-09-03,Flex X Cop Season 2
Indonesia,ID,en.wikipedia,82063072,Our_Sticky_Love,Q137835829,98,2026-09-03,Our Sticky Love
Philippines,PH,en.wikipedia,83541358,"My_Bias,_My_Boss",Q140329306,510,2026-09-03,"My Bias, My Boss"
United States,US,en.wikipedia,82063072,Our_Sticky_Love,Q137835829,769,2026-09-03,Our Sticky Love
Indonesia,ID,en.wikipedia,82063377,Mousetrap_(TV_series),Q140198906,313,2026-09-03,Mousetrap
Philippines,PH,en.wikipedia,82034667,"Four_Hands,_Two_Sonatas",Q137271520,365,2026-09-03,"Four Hands, Two Sonatas"
India,IN,en.wikipedia,83541358,"My_Bias,_My_Boss",Q140329306,1268,2026-09-03,"My Bias, My Boss"
Philippines,PH,en.wikipedia,83488921,A_Bona_Fide_Killer,Q139411314,346,2026-09-03,A Bona Fide Killer
Italy,IT,en.wikipedia,82063377,Mousetrap_(TV_series),Q140198906,151,2026-09-03,Mousetrap
Philippines,PH,en.wikipedia,75325345,Flex_X_Cop,Q121879488,90,2026-09-03,Flex X Cop Season 2
Malaysia,MY,en.wikipedia,83541358,"My_Bias,_My_Boss",Q140329306,304,2026-09-03,"My Bias, My Boss"
Canada,CA,en.wikipedia,83232158,Spooky_in_Love,Q138266416,115,2026-09-03,Spooky in Love
Australia,AU,en.wikipedia,83541358,"My_Bias,_My_Boss",Q140329306,93,2026-09-03,"My Bias, My Boss"
Italy,IT,en.wikipedia,82034667,"Four_Hands,_Two_Sonatas",Q137271520,100,2026-09-03,"Four Hands, Two Sonatas"
Philippines,PH,en.wikipedia,82063072,Our_Sticky_Love,Q137835829,292,2026-09-03,Our Sticky Love
Thailand,TH,en.wikipedia,83541358,"My_Bias,_My_Boss",Q140329306,110,2026-09-03,"My Bias, My Boss"
Singapore,SG,en.wikipedia,82063072,Our_Sticky_Love,Q137835829,213,2026-09-03,Our Sticky Love
United Kingdom,GB,en.wikipedia,82063072,Our_Sticky_Love,Q137835829,156,2026-09-03,Our Sticky Love
Malaysia,MY,en.wikipedia,82063072,Our_Sticky_Love,Q137835829,239,2026-09-03,Our Sticky Love
Indonesia,ID,en.wikipedia,83488921,A_Bona_Fide_Killer,Q139411314,111,2026-09-03,A Bona Fide Killer
Singapore,SG,en.wikipedia,83232158,Spooky_in_Love,Q138266416,147,2026-09-03,Spooky in Love
Philippines,PH,en.wikipedia,82063377,Mousetrap_(TV_series),Q140198906,1088,2026-09-03,Mousetrap
Italy,IT,en.wikipedia,82063072,Our_Sticky_Love,Q137835829,128,2026-09-03,Our Sticky Love
Germany,DE,en.wikipedia,82063377,Mousetrap_(TV_series),Q140198906,211,2026-09-03,Mousetrap
United States,US,en.wikipedia,75325345,Flex_X_Cop,Q121879488,149,2026-09-03,Flex X Cop Season 2
United States,US,en.wikipedia,83232158,Spooky_in_Love,Q138266416,534,2026-09-03,Spooky in Love
United States,US,en.wikipedia,75697706,A_Shop_for_Killers,Q123999260,219,2026-09-03,A Shop for Killers Season 2
Philippines,PH,en.wikipedia,75697706,A_Shop_for_Killers,Q123999260,169,2026-09-03,A Shop for Killers Season 2
Malaysia,MY,en.wikipedia,75325345,Flex_X_Cop,Q121879488,98,2026-09-03,Flex X Cop Season 2
United States,US,en.wikipedia,82034667,"Four_Hands,_Two_Sonatas",Q137271520,755,2026-09-03,"Four Hands, Two Sonatas"
India,IN,en.wikipedia,83488921,A_Bona_Fide_Killer,Q139411314,209,2026-09-03,A Bona Fide Killer
India,IN,en.wikipedia,75697706,A_Shop_for_Killers,Q123999260,255,2026-09-03,A Shop for Killers Season 2
Indonesia,ID,en.wikipedia,82034667,"Four_Hands,_Two_Sonatas",Q137271520,200,2026-09-03,"Four Hands, Two Sonatas"
Canada,CA,en.wikipedia,82063377,Mousetrap_(TV_series),Q140198906,416,2026-09-03,Mousetrap
United States,US,en.wikipedia,83541358,"My_Bias,_My_Boss",Q140329306,386,2026-09-03,"My Bias, My Boss"
Singapore,SG,en.wikipedia,75697706,A_Shop_for_Killers,Q123999260,100,2026-09-03,A Shop for Killers Season 2
India,IN,en.wikipedia,82063072,Our_Sticky_Love,Q137835829,499,2026-09-03,Our Sticky Love
India,IN,en.wikipedia,83232158,Spooky_in_Love,Q138266416,287,2026-09-03,Spooky in Love
Malaysia,MY,en.wikipedia,83488921,A_Bona_Fide_Killer,Q139411314,309,2026-09-03,A Bona Fide Killer
Singapore,SG,en.wikipedia,82034667,"Four_Hands,_Two_Sonatas",Q137271520,262,2026-09-03,"Four Hands, Two Sonatas"
Australia,AU,en.wikipedia,83488921,A_Bona_Fide_Killer,Q139411314,106,2026-09-03,A Bona Fide Killer
Singapore,SG,en.wikipedia,83541358,"My_Bias,_My_Boss",Q140329306,173,2026-09-03,"My Bias, My Boss"
India,IN,en.wikipedia,82063377,Mousetrap_(TV_series),Q140198906,1591,2026-09-03,Mousetrap
Malaysia,MY,en.wikipedia,83232158,Spooky_in_Love,Q138266416,153,2026-09-03,Spooky in Love
Australia,AU,en.wikipedia,83232158,Spooky_in_Love,Q138266416,97,2026-09-03,Spooky in Love
Singapore,SG,en.wikipedia,83488921,A_Bona_Fide_Killer,Q139411314,119,2026-09-03,A Bona Fide Killer
Indonesia,ID,en.wikipedia,75325345,Flex_X_Cop,Q121879488,93,2026-09-03,Flex X Cop Season 2
United States,US,en.wikipedia,83488921,A_Bona_Fide_Killer,Q139411314,285,2026-09-03,A Bona Fide Killer
Canada,CA,en.wikipedia,82063072,Our_Sticky_Love,Q137835829,109,2026-09-03,Our Sticky Love
Australia,AU,en.wikipedia,82063377,Mousetrap_(TV_series),Q140198906,273,2026-09-03,Mousetrap
Malaysia,MY,en.wikipedia,82063377,Mousetrap_(TV_series),Q140198906,1108,2026-09-03,Mousetrap
France,FR,en.wikipedia,83232158,Spooky_in_Love,Q138266416,111,2026-09-03,Spooky in Love
Singapore,SG,en.wikipedia,82063377,Mousetrap_(TV_series),Q140198906,762,2026-09-03,Mousetrap
Australia,AU,en.wikipedia,82034667,"Four_Hands,_Two_Sonatas",Q137271520,165,2026-09-03,"Four Hands, Two Sonatas"
Thailand,TH,en.wikipedia,82063377,Mousetrap_(TV_series),Q140198906,150,2026-09-03,Mousetrap
Philippines,PH,en.wikipedia,83232158,Spooky_in_Love,Q138266416,173,2026-09-03,Spooky in Love
Canada,CA,en.wikipedia,82034667,"Four_Hands,_Two_Sonatas",Q137271520,217,2026-09-03,"Four Hands, Two Sonatas"
Malaysia,MY,en.wikipedia,75697706,A_Shop_for_Killers,Q123999260,126,2026-09-04,A Shop for Killers Season 2
India,IN,en.wikipedia,82034667,"Four_Hands,_Two_Sonatas",Q137271520,397,2026-09-04,"Four Hands, Two Sonatas"
Indonesia,ID,en.wikipedia,83541358,"My_Bias,_My_Boss",Q140329306,157,2026-09-04,"My Bias, My Boss"
Japan,JP,en.wikipedia,82063377,Mousetrap_(TV_series),Q140198906,250,2026-09-04,Mousetrap
Malaysia,MY,en.wikipedia,82034667,"Four_Hands,_Two_Sonatas",Q137271520,206,2026-09-04,"Four Hands, Two Sonatas"
United States,US,en.wikipedia,82063377,Mousetrap_(TV_series),Q140198906,1441,2026-09-04,Mousetrap
United Kingdom,GB,en.wikipedia,82063377,Mousetrap_(TV_series),Q140198906,369,2026-09-04,Mousetrap
United Kingdom,GB,en.wikipedia,82034667,"Four_Hands,_Two_Sonatas",Q137271520,122,2026-09-04,"Four Hands, Two Sonatas"
India,IN,en.wikipedia,75325345,Flex_X_Cop,Q121879488,194,2026-09-04,Flex X Cop Season 2
Indonesia,ID,en.wikipedia,82063072,Our_Sticky_Love,Q137835829,106,2026-09-04,Our Sticky Love
Philippines,PH,en.wikipedia,83541358,"My_Bias,_My_Boss",Q140329306,443,2026-09-04,"My Bias, My Boss"
United States,US,en.wikipedia,82063072,Our_Sticky_Love,Q137835829,631,2026-09-04,Our Sticky Love
Indonesia,ID,en.wikipedia,82063377,Mousetrap_(TV_series),Q140198906,291,2026-09-04,Mousetrap
Philippines,PH,en.wikipedia,82034667,"Four_Hands,_Two_Sonatas",Q137271520,301,2026-09-04,"Four Hands, Two Sonatas"
India,IN,en.wikipedia,83541358,"My_Bias,_My_Boss",Q140329306,1010,2026-09-04,"My Bias, My Boss"
Philippines,PH,en.wikipedia,83488921,A_Bona_Fide_Killer,Q139411314,536,2026-09-04,A Bona Fide Killer
Italy,IT,en.wikipedia,82063377,Mousetrap_(TV_series),Q140198906,103,2026-09-04,Mousetrap
Philippines,PH,en.wikipedia,75325345,Flex_X_Cop,Q121879488,114,2026-09-04,Flex X Cop Season 2
Malaysia,MY,en.wikipedia,83541358,"My_Bias,_My_Boss",Q140329306,225,2026-09-04,"My Bias, My Boss"
Japan,JP,en.wikipedia,82063072,Our_Sticky_Love,Q137835829,134,2026-09-04,Our Sticky Love
United Kingdom,GB,en.wikipedia,83232158,Spooky_in_Love,Q138266416,98,2026-09-04,Spooky in Love
Italy,IT,en.wikipedia,82034667,"Four_Hands,_Two_Sonatas",Q137271520,103,2026-09-04,"Four Hands, Two Sonatas"
Philippines,PH,en.wikipedia,82063072,Our_Sticky_Love,Q137835829,329,2026-09-04,Our Sticky Love
Singapore,SG,en.wikipedia,82063072,Our_Sticky_Love,Q137835829,150,2026-09-04,Our Sticky Love
Canada,CA,en.wikipedia,83541358,"My_Bias,_My_Boss",Q140329306,120,2026-09-04,"My Bias, My Boss"
United Kingdom,GB,en.wikipedia,82063072,Our_Sticky_Love,Q137835829,112,2026-09-04,Our Sticky Love
Malaysia,MY,en.wikipedia,82063072,Our_Sticky_Love,Q137835829,226,2026-09-04,Our Sticky Love
Indonesia,ID,en.wikipedia,83488921,A_Bona_Fide_Killer,Q139411314,172,2026-09-04,A Bona Fide Killer
Singapore,SG,en.wikipedia,83232158,Spooky_in_Love,Q138266416,169,2026-09-04,Spooky in Love
Philippines,PH,en.wikipedia,82063377,Mousetrap_(TV_series),Q140198906,1012,2026-09-04,Mousetrap
Italy,IT,en.wikipedia,82063072,Our_Sticky_Love,Q137835829,101,2026-09-04,Our Sticky Love
Germany,DE,en.wikipedia,82063377,Mousetrap_(TV_series),Q140198906,109,2026-09-04,Mousetrap
United States,US,en.wikipedia,75325345,Flex_X_Cop,Q121879488,159,2026-09-04,Flex X Cop Season 2
Australia,AU,en.wikipedia,82063072,Our_Sticky_Love,Q137835829,98,2026-09-04,Our Sticky Love
United States,US,en.wikipedia,83232158,Spooky_in_Love,Q138266416,496,2026-09-04,Spooky in Love
United States,US,en.wikipedia,75697706,A_Shop_for_Killers,Q123999260,222,2026-09-04,A Shop for Killers Season 2
Philippines,PH,en.wikipedia,75697706,A_Shop_for_Killers,Q123999260,156,2026-09-04,A Shop for Killers Season 2
United States,US,en.wikipedia,82034667,"Four_Hands,_Two_Sonatas",Q137271520,762,2026-09-04,"Four Hands, Two Sonatas"
India,IN,en.wikipedia,83488921,A_Bona_Fide_Killer,Q139411314,367,2026-09-04,A Bona Fide Killer
India,IN,en.wikipedia,75697706,A_Shop_for_Killers,Q123999260,203,2026-09-04,A Shop for Killers Season 2
Indonesia,ID,en.wikipedia,82034667,"Four_Hands,_Two_Sonatas",Q137271520,121,2026-09-04,"Four Hands, Two Sonatas"
Canada,CA,en.wikipedia,82063377,Mousetrap_(TV_series),Q140198906,341,2026-09-04,Mousetrap
United States,US,en.wikipedia,83541358,"My_Bias,_My_Boss",Q140329306,314,2026-09-04,"My Bias, My Boss"
India,IN,en.wikipedia,82063072,Our_Sticky_Love,Q137835829,452,2026-09-04,Our Sticky Love
India,IN,en.wikipedia,83232158,Spooky_in_Love,Q138266416,288,2026-09-04,Spooky in Love
Canada,CA,en.wikipedia,83488921,A_Bona_Fide_Killer,Q139411314,100,2026-09-04,A Bona Fide Killer
Malaysia,MY,en.wikipedia,83488921,A_Bona_Fide_Killer,Q139411314,324,2026-09-04,A Bona Fide Killer
Singapore,SG,en.wikipedia,82034667,"Four_Hands,_Two_Sonatas",Q137271520,261,2026-09-04,"Four Hands, Two Sonatas"
Japan,JP,en.wikipedia,75697706,A_Shop_for_Killers,Q123999260,90,2026-09-04,A Shop for Killers Season 2
India,IN,en.wikipedia,82063377,Mousetrap_(TV_series),Q140198906,1348,2026-09-04,Mousetrap
Malaysia,MY,en.wikipedia,83232158,Spooky_in_Love,Q138266416,94,2026-09-04,Spooky in Love
Singapore,SG,en.wikipedia,83488921,A_Bona_Fide_Killer,Q139411314,247,2026-09-04,A Bona Fide Killer
United States,US,en.wikipedia,83488921,A_Bona_Fide_Killer,Q139411314,457,2026-09-04,A Bona Fide Killer
Canada,CA,en.wikipedia,82063072,Our_Sticky_Love,Q137835829,121,2026-09-04,Our Sticky Love
Australia,AU,en.wikipedia,82063377,Mousetrap_(TV_series),Q140198906,243,2026-09-04,Mousetrap
France,FR,en.wikipedia,83488921,A_Bona_Fide_Killer,Q139411314,98,2026-09-04,A Bona Fide Killer
Japan,JP,en.wikipedia,82034667,"Four_Hands,_Two_Sonatas",Q137271520,126,2026-09-04,"Four Hands, Two Sonatas"
Malaysia,MY,en.wikipedia,82063377,Mousetrap_(TV_series),Q140198906,853,2026-09-04,Mousetrap
France,FR,en.wikipedia,83232158,Spooky_in_Love,Q138266416,94,2026-09-04,Spooky in Love
Nigeria,NG,en.wikipedia,82063377,Mousetrap_(TV_series),Q140198906,117,2026-09-04,Mousetrap
Singapore,SG,en.wikipedia,82063377,Mousetrap_(TV_series),Q140198906,653,2026-09-04,Mousetrap
Australia,AU,en.wikipedia,82034667,"Four_Hands,_Two_Sonatas",Q137271520,168,2026-09-04,"Four Hands, Two Sonatas"
Thailand,TH,en.wikipedia,82063377,Mousetrap_(TV_series),Q140198906,130,2026-09-04,Mousetrap
Philippines,PH,en.wikipedia,83232158,Spooky_in_Love,Q138266416,172,2026-09-04,Spooky in Love
Canada,CA,en.wikipedia,82034667,"Four_Hands,_Two_Sonatas",Q137271520,151,2026-09-04,"Four Hands, Two Sonatas"
Malaysia,MY,en.wikipedia,75697706,A_Shop_for_Killers,Q123999260,152,2026-09-05,A Shop for Killers Season 2
India,IN,en.wikipedia,82034667,"Four_Hands,_Two_Sonatas",Q137271520,475,2026-09-05,"Four Hands, Two Sonatas"
Nigeria,NG,en.wikipedia,83488921,A_Bona_Fide_Killer,Q139411314,137,2026-09-05,A Bona Fide Killer
Indonesia,ID,en.wikipedia,83541358,"My_Bias,_My_Boss",Q140329306,168,2026-09-05,"My Bias, My Boss"
Japan,JP,en.wikipedia,82063377,Mousetrap_(TV_series),Q140198906,279,2026-09-05,Mousetrap
Malaysia,MY,en.wikipedia,82034667,"Four_Hands,_Two_Sonatas",Q137271520,286,2026-09-05,"Four Hands, Two Sonatas"
Nigeria,NG,en.wikipedia,83541358,"My_Bias,_My_Boss",Q140329306,110,2026-09-05,"My Bias, My Boss"
United States,US,en.wikipedia,82063377,Mousetrap_(TV_series),Q140198906,1376,2026-09-05,Mousetrap
United Kingdom,GB,en.wikipedia,82063377,Mousetrap_(TV_series),Q140198906,328,2026-09-05,Mousetrap
United Kingdom,GB,en.wikipedia,82034667,"Four_Hands,_Two_Sonatas",Q137271520,202,2026-09-05,"Four Hands, Two Sonatas"
India,IN,en.wikipedia,75325345,Flex_X_Cop,Q121879488,292,2026-09-05,Flex X Cop Season 2
Indonesia,ID,en.wikipedia,82063072,Our_Sticky_Love,Q137835829,100,2026-09-05,Our Sticky Love
Philippines,PH,en.wikipedia,83541358,"My_Bias,_My_Boss",Q140329306,471,2026-09-05,"My Bias, My Boss"
United Kingdom,GB,en.wikipedia,83488921,A_Bona_Fide_Killer,Q139411314,165,2026-09-05,A Bona Fide Killer
United States,US,en.wikipedia,82063072,Our_Sticky_Love,Q137835829,701,2026-09-05,Our Sticky Love
Indonesia,ID,en.wikipedia,82063377,Mousetrap_(TV_series),Q140198906,411,2026-09-05,Mousetrap
Philippines,PH,en.wikipedia,82034667,"Four_Hands,_Two_Sonatas",Q137271520,388,2026-09-05,"Four Hands, Two Sonatas"
India,IN,en.wikipedia,83541358,"My_Bias,_My_Boss",Q140329306,1041,2026-09-05,"My Bias, My Boss"
Philippines,PH,en.wikipedia,83488921,A_Bona_Fide_Killer,Q139411314,1119,2026-09-05,A Bona Fide Killer
Thailand,TH,en.wikipedia,82063072,Our_Sticky_Love,Q137835829,90,2026-09-05,Our Sticky Love
Italy,IT,en.wikipedia,82063377,Mousetrap_(TV_series),Q140198906,104,2026-09-05,Mousetrap
Philippines,PH,en.wikipedia,75325345,Flex_X_Cop,Q121879488,237,2026-09-05,Flex X Cop Season 2
Singapore,SG,en.wikipedia,75325345,Flex_X_Cop,Q121879488,170,2026-09-05,Flex X Cop Season 2
Malaysia,MY,en.wikipedia,83541358,"My_Bias,_My_Boss",Q140329306,227,2026-09-05,"My Bias, My Boss"
Canada,CA,en.wikipedia,83232158,Spooky_in_Love,Q138266416,113,2026-09-05,Spooky in Love
Australia,AU,en.wikipedia,83541358,"My_Bias,_My_Boss",Q140329306,105,2026-09-05,"My Bias, My Boss"
Italy,IT,en.wikipedia,82034667,"Four_Hands,_Two_Sonatas",Q137271520,142,2026-09-05,"Four Hands, Two Sonatas"
Philippines,PH,en.wikipedia,82063072,Our_Sticky_Love,Q137835829,334,2026-09-05,Our Sticky Love
Thailand,TH,en.wikipedia,83541358,"My_Bias,_My_Boss",Q140329306,109,2026-09-05,"My Bias, My Boss"
Germany,DE,en.wikipedia,83488921,A_Bona_Fide_Killer,Q139411314,97,2026-09-05,A Bona Fide Killer
Singapore,SG,en.wikipedia,82063072,Our_Sticky_Love,Q137835829,204,2026-09-05,Our Sticky Love
United Kingdom,GB,en.wikipedia,82063072,Our_Sticky_Love,Q137835829,134,2026-09-05,Our Sticky Love
United Kingdom,GB,en.wikipedia,83541358,"My_Bias,_My_Boss",Q140329306,93,2026-09-05,"My Bias, My Boss"
Malaysia,MY,en.wikipedia,82063072,Our_Sticky_Love,Q137835829,224,2026-09-05,Our Sticky Love
Indonesia,ID,en.wikipedia,83488921,A_Bona_Fide_Killer,Q139411314,374,2026-09-05,A Bona Fide Killer
Singapore,SG,en.wikipedia,83232158,Spooky_in_Love,Q138266416,208,2026-09-05,Spooky in Love
Philippines,PH,en.wikipedia,82063377,Mousetrap_(TV_series),Q140198906,1098,2026-09-05,Mousetrap
Germany,DE,en.wikipedia,82034667,"Four_Hands,_Two_Sonatas",Q137271520,124,2026-09-05,"Four Hands, Two Sonatas"
Germany,DE,en.wikipedia,82063377,Mousetrap_(TV_series),Q140198906,135,2026-09-05,Mousetrap
United States,US,en.wikipedia,75325345,Flex_X_Cop,Q121879488,185,2026-09-05,Flex X Cop Season 2
Australia,AU,en.wikipedia,82063072,Our_Sticky_Love,Q137835829,118,2026-09-05,Our Sticky Love
United States,US,en.wikipedia,83232158,Spooky_in_Love,Q138266416,522,2026-09-05,Spooky in Love
United States,US,en.wikipedia,75697706,A_Shop_for_Killers,Q123999260,219,2026-09-05,A Shop for Killers Season 2
Philippines,PH,en.wikipedia,75697706,A_Shop_for_Killers,Q123999260,198,2026-09-05,A Shop for Killers Season 2
Thailand,TH,en.wikipedia,83488921,A_Bona_Fide_Killer,Q139411314,150,2026-09-05,A Bona Fide Killer
Malaysia,MY,en.wikipedia,75325345,Flex_X_Cop,Q121879488,177,2026-09-05,Flex X Cop Season 2
United States,US,en.wikipedia,82034667,"Four_Hands,_Two_Sonatas",Q137271520,976,2026-09-05,"Four Hands, Two Sonatas"
India,IN,en.wikipedia,83488921,A_Bona_Fide_Killer,Q139411314,636,2026-09-05,A Bona Fide Killer
India,IN,en.wikipedia,75697706,A_Shop_for_Killers,Q123999260,262,2026-09-05,A Shop for Killers Season 2
Brazil,BR,en.wikipedia,82034667,"Four_Hands,_Two_Sonatas",Q137271520,105,2026-09-05,"Four Hands, Two Sonatas"
Indonesia,ID,en.wikipedia,82034667,"Four_Hands,_Two_Sonatas",Q137271520,144,2026-09-05,"Four Hands, Two Sonatas"
Canada,CA,en.wikipedia,82063377,Mousetrap_(TV_series),Q140198906,344,2026-09-05,Mousetrap
United States,US,en.wikipedia,83541358,"My_Bias,_My_Boss",Q140329306,296,2026-09-05,"My Bias, My Boss"
Singapore,SG,en.wikipedia,75697706,A_Shop_for_Killers,Q123999260,133,2026-09-05,A Shop for Killers Season 2
India,IN,en.wikipedia,82063072,Our_Sticky_Love,Q137835829,490,2026-09-05,Our Sticky Love
India,IN,en.wikipedia,83232158,Spooky_in_Love,Q138266416,210,2026-09-05,Spooky in Love
Canada,CA,en.wikipedia,83488921,A_Bona_Fide_Killer,Q139411314,224,2026-09-05,A Bona Fide Killer
Malaysia,MY,en.wikipedia,83488921,A_Bona_Fide_Killer,Q139411314,812,2026-09-05,A Bona Fide Killer
Singapore,SG,en.wikipedia,82034667,"Four_Hands,_Two_Sonatas",Q137271520,368,2026-09-05,"Four Hands, Two Sonatas"
Australia,AU,en.wikipedia,83488921,A_Bona_Fide_Killer,Q139411314,198,2026-09-05,A Bona Fide Killer
Singapore,SG,en.wikipedia,83541358,"My_Bias,_My_Boss",Q140329306,113,2026-09-05,"My Bias, My Boss"
India,IN,en.wikipedia,82063377,Mousetrap_(TV_series),Q140198906,1182,2026-09-05,Mousetrap
Malaysia,MY,en.wikipedia,83232158,Spooky_in_Love,Q138266416,167,2026-09-05,Spooky in Love
Singapore,SG,en.wikipedia,83488921,A_Bona_Fide_Killer,Q139411314,450,2026-09-05,A Bona Fide Killer
United States,US,en.wikipedia,83488921,A_Bona_Fide_Killer,Q139411314,876,2026-09-05,A Bona Fide Killer
Canada,CA,en.wikipedia,82063072,Our_Sticky_Love,Q137835829,160,2026-09-05,Our Sticky Love
France,FR,en.wikipedia,82063377,Mousetrap_(TV_series),Q140198906,92,2026-09-05,Mousetrap
Australia,AU,en.wikipedia,82063377,Mousetrap_(TV_series),Q140198906,300,2026-09-05,Mousetrap
France,FR,en.wikipedia,83488921,A_Bona_Fide_Killer,Q139411314,142,2026-09-05,A Bona Fide Killer
Japan,JP,en.wikipedia,82034667,"Four_Hands,_Two_Sonatas",Q137271520,162,2026-09-05,"Four Hands, Two Sonatas"
Malaysia,MY,en.wikipedia,82063377,Mousetrap_(TV_series),Q140198906,862,2026-09-05,Mousetrap
France,FR,en.wikipedia,83232158,Spooky_in_Love,Q138266416,117,2026-09-05,Spooky in Love
Indonesia,ID,en.wikipedia,75697706,A_Shop_for_Killers,Q123999260,113,2026-09-05,A Shop for Killers Season 2
Singapore,SG,en.wikipedia,82063377,Mousetrap_(TV_series),Q140198906,732,2026-09-05,Mousetrap
Australia,AU,en.wikipedia,82034667,"Four_Hands,_Two_Sonatas",Q137271520,134,2026-09-05,"Four Hands, Two Sonatas"
Thailand,TH,en.wikipedia,82063377,Mousetrap_(TV_series),Q140198906,159,2026-09-05,Mousetrap
Philippines,PH,en.wikipedia,83232158,Spooky_in_Love,Q138266416,216,2026-09-05,Spooky in Love
Canada,CA,en.wikipedia,82034667,"Four_Hands,_Two_Sonatas",Q137271520,169,2026-09-05,"Four Hands, Two Sonatas"
Malaysia,MY,en.wikipedia,75697706,A_Shop_for_Killers,Q123999260,120,2026-09-06,A Shop for Killers Season 2
India,IN,en.wikipedia,82034667,"Four_Hands,_Two_Sonatas",Q137271520,769,2026-09-06,"Four Hands, Two Sonatas"
Nigeria,NG,en.wikipedia,83488921,A_Bona_Fide_Killer,Q139411314,121,2026-09-06,A Bona Fide Killer
Indonesia,ID,en.wikipedia,83541358,"My_Bias,_My_Boss",Q140329306,156,2026-09-06,"My Bias, My Boss"
Japan,JP,en.wikipedia,82063377,Mousetrap_(TV_series),Q140198906,246,2026-09-06,Mousetrap
Malaysia,MY,en.wikipedia,82034667,"Four_Hands,_Two_Sonatas",Q137271520,321,2026-09-06,"Four Hands, Two Sonatas"
United States,US,en.wikipedia,82063377,Mousetrap_(TV_series),Q140198906,1256,2026-09-06,Mousetrap
United Kingdom,GB,en.wikipedia,82063377,Mousetrap_(TV_series),Q140198906,335,2026-09-06,Mousetrap
United Kingdom,GB,en.wikipedia,82034667,"Four_Hands,_Two_Sonatas",Q137271520,297,2026-09-06,"Four Hands, Two Sonatas"
India,IN,en.wikipedia,75325345,Flex_X_Cop,Q121879488,267,2026-09-06,Flex X Cop Season 2
Indonesia,ID,en.wikipedia,82063072,Our_Sticky_Love,Q137835829,116,2026-09-06,Our Sticky Love
Philippines,PH,en.wikipedia,83541358,"My_Bias,_My_Boss",Q140329306,424,2026-09-06,"My Bias, My Boss"
United Kingdom,GB,en.wikipedia,83488921,A_Bona_Fide_Killer,Q139411314,166,2026-09-06,A Bona Fide Killer
United States,US,en.wikipedia,82063072,Our_Sticky_Love,Q137835829,744,2026-09-06,Our Sticky Love
France,FR,en.wikipedia,83541358,"My_Bias,_My_Boss",Q140329306,95,2026-09-06,"My Bias, My Boss"
Indonesia,ID,en.wikipedia,82063377,Mousetrap_(TV_series),Q140198906,295,2026-09-06,Mousetrap
Japan,JP,en.wikipedia,83488921,A_Bona_Fide_Killer,Q139411314,111,2026-09-06,A Bona Fide Killer
Philippines,PH,en.wikipedia,82034667,"Four_Hands,_Two_Sonatas",Q137271520,596,2026-09-06,"Four Hands, Two Sonatas"
India,IN,en.wikipedia,83541358,"My_Bias,_My_Boss",Q140329306,935,2026-09-06,"My Bias, My Boss"
Philippines,PH,en.wikipedia,83488921,A_Bona_Fide_Killer,Q139411314,1319,2026-09-06,A Bona Fide Killer
Italy,IT,en.wikipedia,82063377,Mousetrap_(TV_series),Q140198906,133,2026-09-06,Mousetrap
Philippines,PH,en.wikipedia,75325345,Flex_X_Cop,Q121879488,182,2026-09-06,Flex X Cop Season 2
Singapore,SG,en.wikipedia,75325345,Flex_X_Cop,Q121879488,157,2026-09-06,Flex X Cop Season 2
Malaysia,MY,en.wikipedia,83541358,"My_Bias,_My_Boss",Q140329306,224,2026-09-06,"My Bias, My Boss"
Canada,CA,en.wikipedia,83232158,Spooky_in_Love,Q138266416,98,2026-09-06,Spooky in Love
Japan,JP,en.wikipedia,82063072,Our_Sticky_Love,Q137835829,163,2026-09-06,Our Sticky Love
Italy,IT,en.wikipedia,82034667,"Four_Hands,_Two_Sonatas",Q137271520,194,2026-09-06,"Four Hands, Two Sonatas"
Philippines,PH,en.wikipedia,82063072,Our_Sticky_Love,Q137835829,399,2026-09-06,Our Sticky Love
Thailand,TH,en.wikipedia,83541358,"My_Bias,_My_Boss",Q140329306,106,2026-09-06,"My Bias, My Boss"
Germany,DE,en.wikipedia,83488921,A_Bona_Fide_Killer,Q139411314,135,2026-09-06,A Bona Fide Killer
Singapore,SG,en.wikipedia,82063072,Our_Sticky_Love,Q137835829,230,2026-09-06,Our Sticky Love
United Kingdom,GB,en.wikipedia,82063072,Our_Sticky_Love,Q137835829,101,2026-09-06,Our Sticky Love
Malaysia,MY,en.wikipedia,82063072,Our_Sticky_Love,Q137835829,229,2026-09-06,Our Sticky Love
Indonesia,ID,en.wikipedia,83488921,A_Bona_Fide_Killer,Q139411314,398,2026-09-06,A Bona Fide Killer
Singapore,SG,en.wikipedia,83232158,Spooky_in_Love,Q138266416,212,2026-09-06,Spooky in Love
Philippines,PH,en.wikipedia,82063377,Mousetrap_(TV_series),Q140198906,1000,2026-09-06,Mousetrap
Germany,DE,en.wikipedia,82034667,"Four_Hands,_Two_Sonatas",Q137271520,110,2026-09-06,"Four Hands, Two Sonatas"
Germany,DE,en.wikipedia,82063377,Mousetrap_(TV_series),Q140198906,102,2026-09-06,Mousetrap
United States,US,en.wikipedia,75325345,Flex_X_Cop,Q121879488,220,2026-09-06,Flex X Cop Season 2
Australia,AU,en.wikipedia,82063072,Our_Sticky_Love,Q137835829,149,2026-09-06,Our Sticky Love
United States,US,en.wikipedia,83232158,Spooky_in_Love,Q138266416,557,2026-09-06,Spooky in Love
United States,US,en.wikipedia,75697706,A_Shop_for_Killers,Q123999260,244,2026-09-06,A Shop for Killers Season 2
Philippines,PH,en.wikipedia,75697706,A_Shop_for_Killers,Q123999260,228,2026-09-06,A Shop for Killers Season 2
Thailand,TH,en.wikipedia,83488921,A_Bona_Fide_Killer,Q139411314,121,2026-09-06,A Bona Fide Killer
Malaysia,MY,en.wikipedia,75325345,Flex_X_Cop,Q121879488,165,2026-09-06,Flex X Cop Season 2
United States,US,en.wikipedia,82034667,"Four_Hands,_Two_Sonatas",Q137271520,1272,2026-09-06,"Four Hands, Two Sonatas"
India,IN,en.wikipedia,83488921,A_Bona_Fide_Killer,Q139411314,807,2026-09-06,A Bona Fide Killer
India,IN,en.wikipedia,75697706,A_Shop_for_Killers,Q123999260,282,2026-09-06,A Shop for Killers Season 2
Brazil,BR,en.wikipedia,82034667,"Four_Hands,_Two_Sonatas",Q137271520,149,2026-09-06,"Four Hands, Two Sonatas"
Indonesia,ID,en.wikipedia,82034667,"Four_Hands,_Two_Sonatas",Q137271520,228,2026-09-06,"Four Hands, Two Sonatas"
Canada,CA,en.wikipedia,82063377,Mousetrap_(TV_series),Q140198906,326,2026-09-06,Mousetrap
United States,US,en.wikipedia,83541358,"My_Bias,_My_Boss",Q140329306,306,2026-09-06,"My Bias, My Boss"
Singapore,SG,en.wikipedia,75697706,A_Shop_for_Killers,Q123999260,151,2026-09-06,A Shop for Killers Season 2
India,IN,en.wikipedia,82063072,Our_Sticky_Love,Q137835829,509,2026-09-06,Our Sticky Love
India,IN,en.wikipedia,83232158,Spooky_in_Love,Q138266416,260,2026-09-06,Spooky in Love
Canada,CA,en.wikipedia,83488921,A_Bona_Fide_Killer,Q139411314,255,2026-09-06,A Bona Fide Killer
Malaysia,MY,en.wikipedia,83488921,A_Bona_Fide_Killer,Q139411314,779,2026-09-06,A Bona Fide Killer
Singapore,SG,en.wikipedia,82034667,"Four_Hands,_Two_Sonatas",Q137271520,577,2026-09-06,"Four Hands, Two Sonatas"
Australia,AU,en.wikipedia,83488921,A_Bona_Fide_Killer,Q139411314,179,2026-09-06,A Bona Fide Killer
Japan,JP,en.wikipedia,75697706,A_Shop_for_Killers,Q123999260,93,2026-09-06,A Shop for Killers Season 2
India,IN,en.wikipedia,82063377,Mousetrap_(TV_series),Q140198906,1028,2026-09-06,Mousetrap
Malaysia,MY,en.wikipedia,83232158,Spooky_in_Love,Q138266416,164,2026-09-06,Spooky in Love
Singapore,SG,en.wikipedia,83488921,A_Bona_Fide_Killer,Q139411314,625,2026-09-06,A Bona Fide Killer
Indonesia,ID,en.wikipedia,75325345,Flex_X_Cop,Q121879488,93,2026-09-06,Flex X Cop Season 2
United States,US,en.wikipedia,83488921,A_Bona_Fide_Killer,Q139411314,962,2026-09-06,A Bona Fide Killer
Canada,CA,en.wikipedia,82063072,Our_Sticky_Love,Q137835829,169,2026-09-06,Our Sticky Love
Australia,AU,en.wikipedia,82063377,Mousetrap_(TV_series),Q140198906,238,2026-09-06,Mousetrap
France,FR,en.wikipedia,83488921,A_Bona_Fide_Killer,Q139411314,147,2026-09-06,A Bona Fide Killer
Japan,JP,en.wikipedia,82034667,"Four_Hands,_Two_Sonatas",Q137271520,242,2026-09-06,"Four Hands, Two Sonatas"
Malaysia,MY,en.wikipedia,82063377,Mousetrap_(TV_series),Q140198906,909,2026-09-06,Mousetrap
France,FR,en.wikipedia,83232158,Spooky_in_Love,Q138266416,108,2026-09-06,Spooky in Love
Singapore,SG,en.wikipedia,82063377,Mousetrap_(TV_series),Q140198906,795,2026-09-06,Mousetrap
Australia,AU,en.wikipedia,82034667,"Four_Hands,_Two_Sonatas",Q137271520,216,2026-09-06,"Four Hands, Two Sonatas"
Philippines,PH,en.wikipedia,83232158,Spooky_in_Love,Q138266416,147,2026-09-06,Spooky in Love
Canada,CA,en.wikipedia,82034667,"Four_Hands,_Two_Sonatas",Q137271520,279,2026-09-06,"Four Hands, Two Sonatas"
India,IN,en.wikipedia,82034667,"Four_Hands,_Two_Sonatas",Q137271520,565,2026-09-07,"Four Hands, Two Sonatas"
Indonesia,ID,en.wikipedia,83541358,"My_Bias,_My_Boss",Q140329306,187,2026-09-07,"My Bias, My Boss"
Japan,JP,en.wikipedia,82063377,Mousetrap_(TV_series),Q140198906,188,2026-09-07,Mousetrap
Malaysia,MY,en.wikipedia,82034667,"Four_Hands,_Two_Sonatas",Q137271520,290,2026-09-07,"Four Hands, Two Sonatas"
Nigeria,NG,en.wikipedia,83541358,"My_Bias,_My_Boss",Q140329306,97,2026-09-07,"My Bias, My Boss"
United States,US,en.wikipedia,82063377,Mousetrap_(TV_series),Q140198906,1060,2026-09-07,Mousetrap
United Kingdom,GB,en.wikipedia,82063377,Mousetrap_(TV_series),Q140198906,216,2026-09-07,Mousetrap
United Kingdom,GB,en.wikipedia,82034667,"Four_Hands,_Two_Sonatas",Q137271520,194,2026-09-07,"Four Hands, Two Sonatas"
India,IN,en.wikipedia,75325345,Flex_X_Cop,Q121879488,193,2026-09-07,Flex X Cop Season 2
Indonesia,ID,en.wikipedia,82063072,Our_Sticky_Love,Q137835829,114,2026-09-07,Our Sticky Love
Philippines,PH,en.wikipedia,83541358,"My_Bias,_My_Boss",Q140329306,515,2026-09-07,"My Bias, My Boss"
United Kingdom,GB,en.wikipedia,83488921,A_Bona_Fide_Killer,Q139411314,95,2026-09-07,A Bona Fide Killer
United States,US,en.wikipedia,82063072,Our_Sticky_Love,Q137835829,857,2026-09-07,Our Sticky Love
Indonesia,ID,en.wikipedia,82063377,Mousetrap_(TV_series),Q140198906,208,2026-09-07,Mousetrap
Philippines,PH,en.wikipedia,82034667,"Four_Hands,_Two_Sonatas",Q137271520,534,2026-09-07,"Four Hands, Two Sonatas"
India,IN,en.wikipedia,83541358,"My_Bias,_My_Boss",Q140329306,1369,2026-09-07,"My Bias, My Boss"
Philippines,PH,en.wikipedia,83488921,A_Bona_Fide_Killer,Q139411314,909,2026-09-07,A Bona Fide Killer
Philippines,PH,en.wikipedia,75325345,Flex_X_Cop,Q121879488,133,2026-09-07,Flex X Cop Season 2
Singapore,SG,en.wikipedia,75325345,Flex_X_Cop,Q121879488,133,2026-09-07,Flex X Cop Season 2
Malaysia,MY,en.wikipedia,83541358,"My_Bias,_My_Boss",Q140329306,222,2026-09-07,"My Bias, My Boss"
Japan,JP,en.wikipedia,82063072,Our_Sticky_Love,Q137835829,132,2026-09-07,Our Sticky Love
United Kingdom,GB,en.wikipedia,83232158,Spooky_in_Love,Q138266416,93,2026-09-07,Spooky in Love
Italy,IT,en.wikipedia,82034667,"Four_Hands,_Two_Sonatas",Q137271520,142,2026-09-07,"Four Hands, Two Sonatas"
Philippines,PH,en.wikipedia,82063072,Our_Sticky_Love,Q137835829,321,2026-09-07,Our Sticky Love
Singapore,SG,en.wikipedia,82063072,Our_Sticky_Love,Q137835829,159,2026-09-07,Our Sticky Love
Canada,CA,en.wikipedia,83541358,"My_Bias,_My_Boss",Q140329306,171,2026-09-07,"My Bias, My Boss"
United Kingdom,GB,en.wikipedia,82063072,Our_Sticky_Love,Q137835829,152,2026-09-07,Our Sticky Love
United Kingdom,GB,en.wikipedia,83541358,"My_Bias,_My_Boss",Q140329306,110,2026-09-07,"My Bias, My Boss"
Malaysia,MY,en.wikipedia,82063072,Our_Sticky_Love,Q137835829,150,2026-09-07,Our Sticky Love
Indonesia,ID,en.wikipedia,83488921,A_Bona_Fide_Killer,Q139411314,239,2026-09-07,A Bona Fide Killer
Singapore,SG,en.wikipedia,83232158,Spooky_in_Love,Q138266416,202,2026-09-07,Spooky in Love
Philippines,PH,en.wikipedia,82063377,Mousetrap_(TV_series),Q140198906,664,2026-09-07,Mousetrap
Italy,IT,en.wikipedia,82063072,Our_Sticky_Love,Q137835829,108,2026-09-07,Our Sticky Love
Germany,DE,en.wikipedia,82034667,"Four_Hands,_Two_Sonatas",Q137271520,98,2026-09-07,"Four Hands, Two Sonatas"
United States,US,en.wikipedia,75325345,Flex_X_Cop,Q121879488,216,2026-09-07,Flex X Cop Season 2
United States,US,en.wikipedia,83232158,Spooky_in_Love,Q138266416,584,2026-09-07,Spooky in Love
United States,US,en.wikipedia,75697706,A_Shop_for_Killers,Q123999260,236,2026-09-07,A Shop for Killers Season 2
Philippines,PH,en.wikipedia,75697706,A_Shop_for_Killers,Q123999260,216,2026-09-07,A Shop for Killers Season 2
Thailand,TH,en.wikipedia,83488921,A_Bona_Fide_Killer,Q139411314,113,2026-09-07,A Bona Fide Killer
Malaysia,MY,en.wikipedia,75325345,Flex_X_Cop,Q121879488,101,2026-09-07,Flex X Cop Season 2
United States,US,en.wikipedia,82034667,"Four_Hands,_Two_Sonatas",Q137271520,1048,2026-09-07,"Four Hands, Two Sonatas"
India,IN,en.wikipedia,83488921,A_Bona_Fide_Killer,Q139411314,394,2026-09-07,A Bona Fide Killer
Canada,CA,en.wikipedia,75697706,A_Shop_for_Killers,Q123999260,92,2026-09-07,A Shop for Killers Season 2
India,IN,en.wikipedia,75697706,A_Shop_for_Killers,Q123999260,222,2026-09-07,A Shop for Killers Season 2
Brazil,BR,en.wikipedia,82034667,"Four_Hands,_Two_Sonatas",Q137271520,174,2026-09-07,"Four Hands, Two Sonatas"
Indonesia,ID,en.wikipedia,82034667,"Four_Hands,_Two_Sonatas",Q137271520,179,2026-09-07,"Four Hands, Two Sonatas"
Canada,CA,en.wikipedia,82063377,Mousetrap_(TV_series),Q140198906,282,2026-09-07,Mousetrap
United States,US,en.wikipedia,83541358,"My_Bias,_My_Boss",Q140329306,524,2026-09-07,"My Bias, My Boss"
India,IN,en.wikipedia,82063072,Our_Sticky_Love,Q137835829,374,2026-09-07,Our Sticky Love
India,IN,en.wikipedia,83232158,Spooky_in_Love,Q138266416,277,2026-09-07,Spooky in Love
Italy,IT,en.wikipedia,83541358,"My_Bias,_My_Boss",Q140329306,97,2026-09-07,"My Bias, My Boss"
Canada,CA,en.wikipedia,83488921,A_Bona_Fide_Killer,Q139411314,203,2026-09-07,A Bona Fide Killer
Malaysia,MY,en.wikipedia,83488921,A_Bona_Fide_Killer,Q139411314,449,2026-09-07,A Bona Fide Killer
Singapore,SG,en.wikipedia,82034667,"Four_Hands,_Two_Sonatas",Q137271520,401,2026-09-07,"Four Hands, Two Sonatas"
Australia,AU,en.wikipedia,83488921,A_Bona_Fide_Killer,Q139411314,107,2026-09-07,A Bona Fide Killer
Singapore,SG,en.wikipedia,83541358,"My_Bias,_My_Boss",Q140329306,137,2026-09-07,"My Bias, My Boss"
India,IN,en.wikipedia,82063377,Mousetrap_(TV_series),Q140198906,722,2026-09-07,Mousetrap
Malaysia,MY,en.wikipedia,83232158,Spooky_in_Love,Q138266416,121,2026-09-07,Spooky in Love
Thailand,TH,en.wikipedia,82034667,"Four_Hands,_Two_Sonatas",Q137271520,123,2026-09-07,"Four Hands, Two Sonatas"
Singapore,SG,en.wikipedia,83488921,A_Bona_Fide_Killer,Q139411314,337,2026-09-07,A Bona Fide Killer
Indonesia,ID,en.wikipedia,75325345,Flex_X_Cop,Q121879488,103,2026-09-07,Flex X Cop Season 2
United States,US,en.wikipedia,83488921,A_Bona_Fide_Killer,Q139411314,694,2026-09-07,A Bona Fide Killer
Canada,CA,en.wikipedia,82063072,Our_Sticky_Love,Q137835829,199,2026-09-07,Our Sticky Love
Australia,AU,en.wikipedia,82063377,Mousetrap_(TV_series),Q140198906,185,2026-09-07,Mousetrap
France,FR,en.wikipedia,83488921,A_Bona_Fide_Killer,Q139411314,95,2026-09-07,A Bona Fide Killer
Japan,JP,en.wikipedia,82034667,"Four_Hands,_Two_Sonatas",Q137271520,198,2026-09-07,"Four Hands, Two Sonatas"
Malaysia,MY,en.wikipedia,82063377,Mousetrap_(TV_series),Q140198906,624,2026-09-07,Mousetrap
France,FR,en.wikipedia,83232158,Spooky_in_Love,Q138266416,93,2026-09-07,Spooky in Love
Singapore,SG,en.wikipedia,82063377,Mousetrap_(TV_series),Q140198906,440,2026-09-07,Mousetrap
Australia,AU,en.wikipedia,82034667,"Four_Hands,_Two_Sonatas",Q137271520,247,2026-09-07,"Four Hands, Two Sonatas"
Philippines,PH,en.wikipedia,83232158,Spooky_in_Love,Q138266416,154,2026-09-07,Spooky in Love
Canada,CA,en.wikipedia,82034667,"Four_Hands,_Two_Sonatas",Q137271520,221,2026-09-07,"Four Hands, Two Sonatas"
Malaysia,MY,en.wikipedia,75697706,A_Shop_for_Killers,Q123999260,100,2026-09-08,A Shop for Killers Season 2
India,IN,en.wikipedia,82034667,"Four_Hands,_Two_Sonatas",Q137271520,425,2026-09-08,"Four Hands, Two Sonatas"
Nigeria,NG,en.wikipedia,83488921,A_Bona_Fide_Killer,Q139411314,114,2026-09-08,A Bona Fide Killer
Indonesia,ID,en.wikipedia,83541358,"My_Bias,_My_Boss",Q140329306,181,2026-09-08,"My Bias, My Boss"
Japan,JP,en.wikipedia,82063377,Mousetrap_(TV_series),Q140198906,173,2026-09-08,Mousetrap
Malaysia,MY,en.wikipedia,82034667,"Four_Hands,_Two_Sonatas",Q137271520,211,2026-09-08,"Four Hands, Two Sonatas"
Nigeria,NG,en.wikipedia,83541358,"My_Bias,_My_Boss",Q140329306,144,2026-09-08,"My Bias, My Boss"
United States,US,en.wikipedia,82063377,Mousetrap_(TV_series),Q140198906,784,2026-09-08,Mousetrap
United Kingdom,GB,en.wikipedia,82063377,Mousetrap_(TV_series),Q140198906,151,2026-09-08,Mousetrap
United Kingdom,GB,en.wikipedia,82034667,"Four_Hands,_Two_Sonatas",Q137271520,151,2026-09-08,"Four Hands, Two Sonatas"
India,IN,en.wikipedia,75325345,Flex_X_Cop,Q121879488,140,2026-09-08,Flex X Cop Season 2
Philippines,PH,en.wikipedia,83541358,"My_Bias,_My_Boss",Q140329306,577,2026-09-08,"My Bias, My Boss"
United Kingdom,GB,en.wikipedia,83488921,A_Bona_Fide_Killer,Q139411314,112,2026-09-08,A Bona Fide Killer
United States,US,en.wikipedia,82063072,Our_Sticky_Love,Q137835829,765,2026-09-08,Our Sticky Love
Indonesia,ID,en.wikipedia,82063377,Mousetrap_(TV_series),Q140198906,270,2026-09-08,Mousetrap
Philippines,PH,en.wikipedia,82034667,"Four_Hands,_Two_Sonatas",Q137271520,324,2026-09-08,"Four Hands, Two Sonatas"
India,IN,en.wikipedia,83541358,"My_Bias,_My_Boss",Q140329306,1448,2026-09-08,"My Bias, My Boss"
Philippines,PH,en.wikipedia,83488921,A_Bona_Fide_Killer,Q139411314,611,2026-09-08,A Bona Fide Killer
Philippines,PH,en.wikipedia,75325345,Flex_X_Cop,Q121879488,131,2026-09-08,Flex X Cop Season 2
Malaysia,MY,en.wikipedia,83541358,"My_Bias,_My_Boss",Q140329306,228,2026-09-08,"My Bias, My Boss"
Japan,JP,en.wikipedia,82063072,Our_Sticky_Love,Q137835829,136,2026-09-08,Our Sticky Love
Italy,IT,en.wikipedia,82034667,"Four_Hands,_Two_Sonatas",Q137271520,100,2026-09-08,"Four Hands, Two Sonatas"
Philippines,PH,en.wikipedia,82063072,Our_Sticky_Love,Q137835829,282,2026-09-08,Our Sticky Love
Thailand,TH,en.wikipedia,83541358,"My_Bias,_My_Boss",Q140329306,126,2026-09-08,"My Bias, My Boss"
Singapore,SG,en.wikipedia,82063072,Our_Sticky_Love,Q137835829,152,2026-09-08,Our Sticky Love
Canada,CA,en.wikipedia,83541358,"My_Bias,_My_Boss",Q140329306,169,2026-09-08,"My Bias, My Boss"
United Kingdom,GB,en.wikipedia,82063072,Our_Sticky_Love,Q137835829,116,2026-09-08,Our Sticky Love
United Kingdom,GB,en.wikipedia,83541358,"My_Bias,_My_Boss",Q140329306,145,2026-09-08,"My Bias, My Boss"
Germany,DE,en.wikipedia,83541358,"My_Bias,_My_Boss",Q140329306,123,2026-09-08,"My Bias, My Boss"
Malaysia,MY,en.wikipedia,82063072,Our_Sticky_Love,Q137835829,174,2026-09-08,Our Sticky Love
Indonesia,ID,en.wikipedia,83488921,A_Bona_Fide_Killer,Q139411314,182,2026-09-08,A Bona Fide Killer
Singapore,SG,en.wikipedia,83232158,Spooky_in_Love,Q138266416,154,2026-09-08,Spooky in Love
Philippines,PH,en.wikipedia,82063377,Mousetrap_(TV_series),Q140198906,498,2026-09-08,Mousetrap
United States,US,en.wikipedia,75325345,Flex_X_Cop,Q121879488,147,2026-09-08,Flex X Cop Season 2
Australia,AU,en.wikipedia,82063072,Our_Sticky_Love,Q137835829,96,2026-09-08,Our Sticky Love
United States,US,en.wikipedia,83232158,Spooky_in_Love,Q138266416,477,2026-09-08,Spooky in Love
United States,US,en.wikipedia,75697706,A_Shop_for_Killers,Q123999260,220,2026-09-08,A Shop for Killers Season 2
Philippines,PH,en.wikipedia,75697706,A_Shop_for_Killers,Q123999260,174,2026-09-08,A Shop for Killers Season 2
United States,US,en.wikipedia,82034667,"Four_Hands,_Two_Sonatas",Q137271520,770,2026-09-08,"Four Hands, Two Sonatas"
India,IN,en.wikipedia,83488921,A_Bona_Fide_Killer,Q139411314,312,2026-09-08,A Bona Fide Killer
India,IN,en.wikipedia,75697706,A_Shop_for_Killers,Q123999260,178,2026-09-08,A Shop for Killers Season 2
Brazil,BR,en.wikipedia,82034667,"Four_Hands,_Two_Sonatas",Q137271520,163,2026-09-08,"Four Hands, Two Sonatas"
Indonesia,ID,en.wikipedia,82034667,"Four_Hands,_Two_Sonatas",Q137271520,148,2026-09-08,"Four Hands, Two Sonatas"
Canada,CA,en.wikipedia,82063377,Mousetrap_(TV_series),Q140198906,226,2026-09-08,Mousetrap
United States,US,en.wikipedia,83541358,"My_Bias,_My_Boss",Q140329306,576,2026-09-08,"My Bias, My Boss"
India,IN,en.wikipedia,82063072,Our_Sticky_Love,Q137835829,413,2026-09-08,Our Sticky Love
India,IN,en.wikipedia,83232158,Spooky_in_Love,Q138266416,214,2026-09-08,Spooky in Love
Canada,CA,en.wikipedia,83488921,A_Bona_Fide_Killer,Q139411314,124,2026-09-08,A Bona Fide Killer
Malaysia,MY,en.wikipedia,83488921,A_Bona_Fide_Killer,Q139411314,376,2026-09-08,A Bona Fide Killer
Singapore,SG,en.wikipedia,82034667,"Four_Hands,_Two_Sonatas",Q137271520,241,2026-09-08,"Four Hands, Two Sonatas"
Australia,AU,en.wikipedia,83488921,A_Bona_Fide_Killer,Q139411314,106,2026-09-08,A Bona Fide Killer
Singapore,SG,en.wikipedia,83541358,"My_Bias,_My_Boss",Q140329306,146,2026-09-08,"My Bias, My Boss"
India,IN,en.wikipedia,82063377,Mousetrap_(TV_series),Q140198906,534,2026-09-08,Mousetrap
Malaysia,MY,en.wikipedia,83232158,Spooky_in_Love,Q138266416,106,2026-09-08,Spooky in Love
Singapore,SG,en.wikipedia,83488921,A_Bona_Fide_Killer,Q139411314,255,2026-09-08,A Bona Fide Killer
United States,US,en.wikipedia,83488921,A_Bona_Fide_Killer,Q139411314,555,2026-09-08,A Bona Fide Killer
Canada,CA,en.wikipedia,82063072,Our_Sticky_Love,Q137835829,169,2026-09-08,Our Sticky Love
Australia,AU,en.wikipedia,82063377,Mousetrap_(TV_series),Q140198906,129,2026-09-08,Mousetrap
Japan,JP,en.wikipedia,82034667,"Four_Hands,_Two_Sonatas",Q137271520,113,2026-09-08,"Four Hands, Two Sonatas"
Malaysia,MY,en.wikipedia,82063377,Mousetrap_(TV_series),Q140198906,498,2026-09-08,Mousetrap
Singapore,SG,en.wikipedia,82063377,Mousetrap_(TV_series),Q140198906,354,2026-09-08,Mousetrap
Australia,AU,en.wikipedia,82034667,"Four_Hands,_Two_Sonatas",Q137271520,154,2026-09-08,"Four Hands, Two Sonatas"
Philippines,PH,en.wikipedia,83232158,Spooky_in_Love,Q138266416,148,2026-09-08,Spooky in Love
Canada,CA,en.wikipedia,82034667,"Four_Hands,_Two_Sonatas",Q137271520,135,2026-09-08,"Four Hands, Two Sonatas"
India,IN,en.wikipedia,82034667,"Four_Hands,_Two_Sonatas",Q137271520,324,2026-09-09,"Four Hands, Two Sonatas"
Nigeria,NG,en.wikipedia,83488921,A_Bona_Fide_Killer,Q139411314,105,2026-09-09,A Bona Fide Killer
Indonesia,ID,en.wikipedia,83541358,"My_Bias,_My_Boss",Q140329306,203,2026-09-09,"My Bias, My Boss"
Japan,JP,en.wikipedia,82063377,Mousetrap_(TV_series),Q140198906,109,2026-09-09,Mousetrap
Malaysia,MY,en.wikipedia,82034667,"Four_Hands,_Two_Sonatas",Q137271520,120,2026-09-09,"Four Hands, Two Sonatas"
Nigeria,NG,en.wikipedia,83541358,"My_Bias,_My_Boss",Q140329306,98,2026-09-09,"My Bias, My Boss"
United States,US,en.wikipedia,82063377,Mousetrap_(TV_series),Q140198906,587,2026-09-09,Mousetrap
United Kingdom,GB,en.wikipedia,82063377,Mousetrap_(TV_series),Q140198906,180,2026-09-09,Mousetrap
United Kingdom,GB,en.wikipedia,82034667,"Four_Hands,_Two_Sonatas",Q137271520,108,2026-09-09,"Four Hands, Two Sonatas"
India,IN,en.wikipedia,75325345,Flex_X_Cop,Q121879488,154,2026-09-09,Flex X Cop Season 2
Indonesia,ID,en.wikipedia,82063072,Our_Sticky_Love,Q137835829,136,2026-09-09,Our Sticky Love
Philippines,PH,en.wikipedia,83541358,"My_Bias,_My_Boss",Q140329306,461,2026-09-09,"My Bias, My Boss"
United Kingdom,GB,en.wikipedia,83488921,A_Bona_Fide_Killer,Q139411314,91,2026-09-09,A Bona Fide Killer
United States,US,en.wikipedia,82063072,Our_Sticky_Love,Q137835829,583,2026-09-09,Our Sticky Love
Indonesia,ID,en.wikipedia,82063377,Mousetrap_(TV_series),Q140198906,177,2026-09-09,Mousetrap
Philippines,PH,en.wikipedia,82034667,"Four_Hands,_Two_Sonatas",Q137271520,260,2026-09-09,"Four Hands, Two Sonatas"
India,IN,en.wikipedia,83541358,"My_Bias,_My_Boss",Q140329306,1023,2026-09-09,"My Bias, My Boss"
Philippines,PH,en.wikipedia,83488921,A_Bona_Fide_Killer,Q139411314,484,2026-09-09,A Bona Fide Killer
Philippines,PH,en.wikipedia,75325345,Flex_X_Cop,Q121879488,104,2026-09-09,Flex X Cop Season 2
Singapore,SG,en.wikipedia,75325345,Flex_X_Cop,Q121879488,108,2026-09-09,Flex X Cop Season 2
Malaysia,MY,en.wikipedia,83541358,"My_Bias,_My_Boss",Q140329306,229,2026-09-09,"My Bias, My Boss"
Canada,CA,en.wikipedia,83232158,Spooky_in_Love,Q138266416,91,2026-09-09,Spooky in Love
Japan,JP,en.wikipedia,82063072,Our_Sticky_Love,Q137835829,102,2026-09-09,Our Sticky Love
Italy,IT,en.wikipedia,82034667,"Four_Hands,_Two_Sonatas",Q137271520,92,2026-09-09,"Four Hands, Two Sonatas"
Philippines,PH,en.wikipedia,82063072,Our_Sticky_Love,Q137835829,269,2026-09-09,Our Sticky Love
Singapore,SG,en.wikipedia,82063072,Our_Sticky_Love,Q137835829,152,2026-09-09,Our Sticky Love
Canada,CA,en.wikipedia,83541358,"My_Bias,_My_Boss",Q140329306,121,2026-09-09,"My Bias, My Boss"
Malaysia,MY,en.wikipedia,82063072,Our_Sticky_Love,Q137835829,137,2026-09-09,Our Sticky Love
Indonesia,ID,en.wikipedia,83488921,A_Bona_Fide_Killer,Q139411314,167,2026-09-09,A Bona Fide Killer
Singapore,SG,en.wikipedia,83232158,Spooky_in_Love,Q138266416,138,2026-09-09,Spooky in Love
Philippines,PH,en.wikipedia,82063377,Mousetrap_(TV_series),Q140198906,547,2026-09-09,Mousetrap
United States,US,en.wikipedia,75325345,Flex_X_Cop,Q121879488,128,2026-09-09,Flex X Cop Season 2
United States,US,en.wikipedia,83232158,Spooky_in_Love,Q138266416,449,2026-09-09,Spooky in Love
United States,US,en.wikipedia,75697706,A_Shop_for_Killers,Q123999260,185,2026-09-09,A Shop for Killers Season 2
Philippines,PH,en.wikipedia,75697706,A_Shop_for_Killers,Q123999260,176,2026-09-09,A Shop for Killers Season 2
United States,US,en.wikipedia,82034667,"Four_Hands,_Two_Sonatas",Q137271520,621,2026-09-09,"Four Hands, Two Sonatas"
India,IN,en.wikipedia,83488921,A_Bona_Fide_Killer,Q139411314,257,2026-09-09,A Bona Fide Killer
India,IN,en.wikipedia,75697706,A_Shop_for_Killers,Q123999260,177,2026-09-09,A Shop for Killers Season 2
Brazil,BR,en.wikipedia,82034667,"Four_Hands,_Two_Sonatas",Q137271520,113,2026-09-09,"Four Hands, Two Sonatas"
Indonesia,ID,en.wikipedia,82034667,"Four_Hands,_Two_Sonatas",Q137271520,104,2026-09-09,"Four Hands, Two Sonatas"
Canada,CA,en.wikipedia,82063377,Mousetrap_(TV_series),Q140198906,175,2026-09-09,Mousetrap
United States,US,en.wikipedia,83541358,"My_Bias,_My_Boss",Q140329306,456,2026-09-09,"My Bias, My Boss"
India,IN,en.wikipedia,82063072,Our_Sticky_Love,Q137835829,346,2026-09-09,Our Sticky Love
India,IN,en.wikipedia,83232158,Spooky_in_Love,Q138266416,201,2026-09-09,Spooky in Love
Canada,CA,en.wikipedia,83488921,A_Bona_Fide_Killer,Q139411314,116,2026-09-09,A Bona Fide Killer
Malaysia,MY,en.wikipedia,83488921,A_Bona_Fide_Killer,Q139411314,306,2026-09-09,A Bona Fide Killer
Singapore,SG,en.wikipedia,82034667,"Four_Hands,_Two_Sonatas",Q137271520,204,2026-09-09,"Four Hands, Two Sonatas"
Singapore,SG,en.wikipedia,83541358,"My_Bias,_My_Boss",Q140329306,155,2026-09-09,"My Bias, My Boss"
India,IN,en.wikipedia,82063377,Mousetrap_(TV_series),Q140198906,566,2026-09-09,Mousetrap
Malaysia,MY,en.wikipedia,83232158,Spooky_in_Love,Q138266416,111,2026-09-09,Spooky in Love
Singapore,SG,en.wikipedia,83488921,A_Bona_Fide_Killer,Q139411314,221,2026-09-09,A Bona Fide Killer
United States,US,en.wikipedia,83488921,A_Bona_Fide_Killer,Q139411314,431,2026-09-09,A Bona Fide Killer
Canada,CA,en.wikipedia,82063072,Our_Sticky_Love,Q137835829,143,2026-09-09,Our Sticky Love
Australia,AU,en.wikipedia,82063377,Mousetrap_(TV_series),Q140198906,146,2026-09-09,Mousetrap
Malaysia,MY,en.wikipedia,82063377,Mousetrap_(TV_series),Q140198906,341,2026-09-09,Mousetrap
Singapore,SG,en.wikipedia,82063377,Mousetrap_(TV_series),Q140198906,389,2026-09-09,Mousetrap
Thailand,TH,en.wikipedia,82063377,Mousetrap_(TV_series),Q140198906,93,2026-09-09,Mousetrap
Philippines,PH,en.wikipedia,83232158,Spooky_in_Love,Q138266416,127,2026-09-09,Spooky in Love
Canada,CA,en.wikipedia,82034667,"Four_Hands,_Two_Sonatas",Q137271520,124,2026-09-09,"Four Hands, Two Sonatas"
Malaysia,MY,en.wikipedia,75697706,A_Shop_for_Killers,Q123999260,90,2026-09-10,A Shop for Killers Season 2
India,IN,en.wikipedia,82034667,"Four_Hands,_Two_Sonatas",Q137271520,265,2026-09-10,"Four Hands, Two Sonatas"
Indonesia,ID,en.wikipedia,83541358,"My_Bias,_My_Boss",Q140329306,121,2026-09-10,"My Bias, My Boss"
Japan,JP,en.wikipedia,82063377,Mousetrap_(TV_series),Q140198906,103,2026-09-10,Mousetrap
Malaysia,MY,en.wikipedia,82034667,"Four_Hands,_Two_Sonatas",Q137271520,105,2026-09-10,"Four Hands, Two Sonatas"
United States,US,en.wikipedia,82063377,Mousetrap_(TV_series),Q140198906,614,2026-09-10,Mousetrap
United Kingdom,GB,en.wikipedia,82063377,Mousetrap_(TV_series),Q140198906,162,2026-09-10,Mousetrap
United Kingdom,GB,en.wikipedia,82034667,"Four_Hands,_Two_Sonatas",Q137271520,110,2026-09-10,"Four Hands, Two Sonatas"
India,IN,en.wikipedia,75325345,Flex_X_Cop,Q121879488,147,2026-09-10,Flex X Cop Season 2
Philippines,PH,en.wikipedia,83541358,"My_Bias,_My_Boss",Q140329306,279,2026-09-10,"My Bias, My Boss"
United States,US,en.wikipedia,82063072,Our_Sticky_Love,Q137835829,626,2026-09-10,Our Sticky Love
Indonesia,ID,en.wikipedia,82063377,Mousetrap_(TV_series),Q140198906,170,2026-09-10,Mousetrap
Philippines,PH,en.wikipedia,82034667,"Four_Hands,_Two_Sonatas",Q137271520,237,2026-09-10,"Four Hands, Two Sonatas"
India,IN,en.wikipedia,83541358,"My_Bias,_My_Boss",Q140329306,699,2026-09-10,"My Bias, My Boss"
Philippines,PH,en.wikipedia,83488921,A_Bona_Fide_Killer,Q139411314,482,2026-09-10,A Bona Fide Killer
Philippines,PH,en.wikipedia,75325345,Flex_X_Cop,Q121879488,112,2026-09-10,Flex X Cop Season 2
Malaysia,MY,en.wikipedia,83541358,"My_Bias,_My_Boss",Q140329306,167,2026-09-10,"My Bias, My Boss"
Japan,JP,en.wikipedia,82063072,Our_Sticky_Love,Q137835829,118,2026-09-10,Our Sticky Love
Philippines,PH,en.wikipedia,82063072,Our_Sticky_Love,Q137835829,288,2026-09-10,Our Sticky Love
Singapore,SG,en.wikipedia,82063072,Our_Sticky_Love,Q137835829,145,2026-09-10,Our Sticky Love
United Kingdom,GB,en.wikipedia,82063072,Our_Sticky_Love,Q137835829,94,2026-09-10,Our Sticky Love
Malaysia,MY,en.wikipedia,82063072,Our_Sticky_Love,Q137835829,180,2026-09-10,Our Sticky Love
Indonesia,ID,en.wikipedia,83488921,A_Bona_Fide_Killer,Q139411314,161,2026-09-10,A Bona Fide Killer
Singapore,SG,en.wikipedia,83232158,Spooky_in_Love,Q138266416,149,2026-09-10,Spooky in Love
Philippines,PH,en.wikipedia,82063377,Mousetrap_(TV_series),Q140198906,390,2026-09-10,Mousetrap
Italy,IT,en.wikipedia,82063072,Our_Sticky_Love,Q137835829,94,2026-09-10,Our Sticky Love
United States,US,en.wikipedia,75325345,Flex_X_Cop,Q121879488,127,2026-09-10,Flex X Cop Season 2
United States,US,en.wikipedia,83232158,Spooky_in_Love,Q138266416,345,2026-09-10,Spooky in Love
United States,US,en.wikipedia,75697706,A_Shop_for_Killers,Q123999260,211,2026-09-10,A Shop for Killers Season 2
Philippines,PH,en.wikipedia,75697706,A_Shop_for_Killers,Q123999260,200,2026-09-10,A Shop for Killers Season 2
United States,US,en.wikipedia,82034667,"Four_Hands,_Two_Sonatas",Q137271520,520,2026-09-10,"Four Hands, Two Sonatas"
India,IN,en.wikipedia,83488921,A_Bona_Fide_Killer,Q139411314,243,2026-09-10,A Bona Fide Killer
Canada,CA,en.wikipedia,75697706,A_Shop_for_Killers,Q123999260,90,2026-09-10,A Shop for Killers Season 2
India,IN,en.wikipedia,75697706,A_Shop_for_Killers,Q123999260,184,2026-09-10,A Shop for Killers Season 2
Brazil,BR,en.wikipedia,82034667,"Four_Hands,_Two_Sonatas",Q137271520,93,2026-09-10,"Four Hands, Two Sonatas"
Indonesia,ID,en.wikipedia,82034667,"Four_Hands,_Two_Sonatas",Q137271520,90,2026-09-10,"Four Hands, Two Sonatas"
Canada,CA,en.wikipedia,82063377,Mousetrap_(TV_series),Q140198906,175,2026-09-10,Mousetrap
United States,US,en.wikipedia,83541358,"My_Bias,_My_Boss",Q140329306,328,2026-09-10,"My Bias, My Boss"
Singapore,SG,en.wikipedia,75697706,A_Shop_for_Killers,Q123999260,102,2026-09-10,A Shop for Killers Season 2
India,IN,en.wikipedia,82063072,Our_Sticky_Love,Q137835829,335,2026-09-10,Our Sticky Love
India,IN,en.wikipedia,83232158,Spooky_in_Love,Q138266416,199,2026-09-10,Spooky in Love
Canada,CA,en.wikipedia,83488921,A_Bona_Fide_Killer,Q139411314,94,2026-09-10,A Bona Fide Killer
Malaysia,MY,en.wikipedia,83488921,A_Bona_Fide_Killer,Q139411314,396,2026-09-10,A Bona Fide Killer
Singapore,SG,en.wikipedia,82034667,"Four_Hands,_Two_Sonatas",Q137271520,156,2026-09-10,"Four Hands, Two Sonatas"
Australia,AU,en.wikipedia,83488921,A_Bona_Fide_Killer,Q139411314,121,2026-09-10,A Bona Fide Killer
Singapore,SG,en.wikipedia,83541358,"My_Bias,_My_Boss",Q140329306,94,2026-09-10,"My Bias, My Boss"
India,IN,en.wikipedia,82063377,Mousetrap_(TV_series),Q140198906,470,2026-09-10,Mousetrap
Malaysia,MY,en.wikipedia,83232158,Spooky_in_Love,Q138266416,111,2026-09-10,Spooky in Love
Singapore,SG,en.wikipedia,83488921,A_Bona_Fide_Killer,Q139411314,158,2026-09-10,A Bona Fide Killer
United States,US,en.wikipedia,83488921,A_Bona_Fide_Killer,Q139411314,395,2026-09-10,A Bona Fide Killer
Canada,CA,en.wikipedia,82063072,Our_Sticky_Love,Q137835829,130,2026-09-10,Our Sticky Love
Australia,AU,en.wikipedia,82063377,Mousetrap_(TV_series),Q140198906,140,2026-09-10,Mousetrap
Japan,JP,en.wikipedia,82034667,"Four_Hands,_Two_Sonatas",Q137271520,92,2026-09-10,"Four Hands, Two Sonatas"
Malaysia,MY,en.wikipedia,82063377,Mousetrap_(TV_series),Q140198906,299,2026-09-10,Mousetrap
Singapore,SG,en.wikipedia,82063377,Mousetrap_(TV_series),Q140198906,228,2026-09-10,Mousetrap
Philippines,PH,en.wikipedia,83232158,Spooky_in_Love,Q138266416,99,2026-09-10,Spooky in Love
Canada,CA,en.wikipedia,82034667,"Four_Hands,_Two_Sonatas",Q137271520,109,2026-09-10,"Four Hands, Two Sonatas"
India,IN,en.wikipedia,82034667,"Four_Hands,_Two_Sonatas",Q137271520,205,2026-09-11,"Four Hands, Two Sonatas"
Nigeria,NG,en.wikipedia,83488921,A_Bona_Fide_Killer,Q139411314,134,2026-09-11,A Bona Fide Killer
Malaysia,MY,en.wikipedia,82034667,"Four_Hands,_Two_Sonatas",Q137271520,92,2026-09-11,"Four Hands, Two Sonatas"
United States,US,en.wikipedia,82063377,Mousetrap_(TV_series),Q140198906,573,2026-09-11,Mousetrap
United Kingdom,GB,en.wikipedia,82063377,Mousetrap_(TV_series),Q140198906,148,2026-09-11,Mousetrap
United Kingdom,GB,en.wikipedia,82034667,"Four_Hands,_Two_Sonatas",Q137271520,92,2026-09-11,"Four Hands, Two Sonatas"
India,IN,en.wikipedia,75325345,Flex_X_Cop,Q121879488,189,2026-09-11,Flex X Cop Season 2
Philippines,PH,en.wikipedia,83541358,"My_Bias,_My_Boss",Q140329306,251,2026-09-11,"My Bias, My Boss"
United States,US,en.wikipedia,82063072,Our_Sticky_Love,Q137835829,623,2026-09-11,Our Sticky Love
Indonesia,ID,en.wikipedia,82063377,Mousetrap_(TV_series),Q140198906,195,2026-09-11,Mousetrap
Philippines,PH,en.wikipedia,82034667,"Four_Hands,_Two_Sonatas",Q137271520,310,2026-09-11,"Four Hands, Two Sonatas"
India,IN,en.wikipedia,83541358,"My_Bias,_My_Boss",Q140329306,514,2026-09-11,"My Bias, My Boss"
Philippines,PH,en.wikipedia,83488921,A_Bona_Fide_Killer,Q139411314,628,2026-09-11,A Bona Fide Killer
Philippines,PH,en.wikipedia,75325345,Flex_X_Cop,Q121879488,99,2026-09-11,Flex X Cop Season 2
Singapore,SG,en.wikipedia,75325345,Flex_X_Cop,Q121879488,128,2026-09-11,Flex X Cop Season 2
Malaysia,MY,en.wikipedia,83541358,"My_Bias,_My_Boss",Q140329306,142,2026-09-11,"My Bias, My Boss"
Australia,AU,en.wikipedia,83541358,"My_Bias,_My_Boss",Q140329306,91,2026-09-11,"My Bias, My Boss"
Philippines,PH,en.wikipedia,82063072,Our_Sticky_Love,Q137835829,248,2026-09-11,Our Sticky Love
Singapore,SG,en.wikipedia,82063072,Our_Sticky_Love,Q137835829,127,2026-09-11,Our Sticky Love
United Kingdom,GB,en.wikipedia,82063072,Our_Sticky_Love,Q137835829,99,2026-09-11,Our Sticky Love
Malaysia,MY,en.wikipedia,82063072,Our_Sticky_Love,Q137835829,156,2026-09-11,Our Sticky Love
Indonesia,ID,en.wikipedia,83488921,A_Bona_Fide_Killer,Q139411314,178,2026-09-11,A Bona Fide Killer
Philippines,PH,en.wikipedia,82063377,Mousetrap_(TV_series),Q140198906,323,2026-09-11,Mousetrap
United States,US,en.wikipedia,75325345,Flex_X_Cop,Q121879488,139,2026-09-11,Flex X Cop Season 2
Australia,AU,en.wikipedia,82063072,Our_Sticky_Love,Q137835829,117,2026-09-11,Our Sticky Love
United States,US,en.wikipedia,83232158,Spooky_in_Love,Q138266416,370,2026-09-11,Spooky in Love
United States,US,en.wikipedia,75697706,A_Shop_for_Killers,Q123999260,202,2026-09-11,A Shop for Killers Season 2
Philippines,PH,en.wikipedia,75697706,A_Shop_for_Killers,Q123999260,138,2026-09-11,A Shop for Killers Season 2
United States,US,en.wikipedia,82034667,"Four_Hands,_Two_Sonatas",Q137271520,488,2026-09-11,"Four Hands, Two Sonatas"
India,IN,en.wikipedia,83488921,A_Bona_Fide_Killer,Q139411314,378,2026-09-11,A Bona Fide Killer
India,IN,en.wikipedia,75697706,A_Shop_for_Killers,Q123999260,141,2026-09-11,A Shop for Killers Season 2
Canada,CA,en.wikipedia,82063377,Mousetrap_(TV_series),Q140198906,107,2026-09-11,Mousetrap
United States,US,en.wikipedia,83541358,"My_Bias,_My_Boss",Q140329306,316,2026-09-11,"My Bias, My Boss"
India,IN,en.wikipedia,82063072,Our_Sticky_Love,Q137835829,380,2026-09-11,Our Sticky Love
India,IN,en.wikipedia,83232158,Spooky_in_Love,Q138266416,172,2026-09-11,Spooky in Love
Canada,CA,en.wikipedia,83488921,A_Bona_Fide_Killer,Q139411314,98,2026-09-11,A Bona Fide Killer
Malaysia,MY,en.wikipedia,83488921,A_Bona_Fide_Killer,Q139411314,353,2026-09-11,A Bona Fide Killer
Singapore,SG,en.wikipedia,82034667,"Four_Hands,_Two_Sonatas",Q137271520,198,2026-09-11,"Four Hands, Two Sonatas"
Australia,AU,en.wikipedia,83488921,A_Bona_Fide_Killer,Q139411314,119,2026-09-11,A Bona Fide Killer
India,IN,en.wikipedia,82063377,Mousetrap_(TV_series),Q140198906,402,2026-09-11,Mousetrap
Singapore,SG,en.wikipedia,83488921,A_Bona_Fide_Killer,Q139411314,323,2026-09-11,A Bona Fide Killer
Indonesia,ID,en.wikipedia,75325345,Flex_X_Cop,Q121879488,105,2026-09-11,Flex X Cop Season 2
United States,US,en.wikipedia,83488921,A_Bona_Fide_Killer,Q139411314,551,2026-09-11,A Bona Fide Killer
Australia,AU,en.wikipedia,82063377,Mousetrap_(TV_series),Q140198906,120,2026-09-11,Mousetrap
France,FR,en.wikipedia,83488921,A_Bona_Fide_Killer,Q139411314,97,2026-09-11,A Bona Fide Killer
Malaysia,MY,en.wikipedia,82063377,Mousetrap_(TV_series),Q140198906,290,2026-09-11,Mousetrap
Singapore,SG,en.wikipedia,82063377,Mousetrap_(TV_series),Q140198906,212,2026-09-11,Mousetrap
Philippines,PH,en.wikipedia,83232158,Spooky_in_Love,Q138266416,159,2026-09-11,Spooky in Love
Malaysia,MY,en.wikipedia,75697706,A_Shop_for_Killers,Q123999260,114,2026-09-12,A Shop for Killers Season 2
India,IN,en.wikipedia,82034667,"Four_Hands,_Two_Sonatas",Q137271520,366,2026-09-12,"Four Hands, Two Sonatas"
Nigeria,NG,en.wikipedia,83488921,A_Bona_Fide_Killer,Q139411314,136,2026-09-12,A Bona Fide Killer
Japan,JP,en.wikipedia,82063377,Mousetrap_(TV_series),Q140198906,92,2026-09-12,Mousetrap
Malaysia,MY,en.wikipedia,82034667,"Four_Hands,_Two_Sonatas",Q137271520,162,2026-09-12,"Four Hands, Two Sonatas"
United States,US,en.wikipedia,82063377,Mousetrap_(TV_series),Q140198906,556,2026-09-12,Mousetrap
United Kingdom,GB,en.wikipedia,82063377,Mousetrap_(TV_series),Q140198906,157,2026-09-12,Mousetrap
United Kingdom,GB,en.wikipedia,82034667,"Four_Hands,_Two_Sonatas",Q137271520,164,2026-09-12,"Four Hands, Two Sonatas"
India,IN,en.wikipedia,75325345,Flex_X_Cop,Q121879488,339,2026-09-12,Flex X Cop Season 2
Philippines,PH,en.wikipedia,83541358,"My_Bias,_My_Boss",Q140329306,252,2026-09-12,"My Bias, My Boss"
United Kingdom,GB,en.wikipedia,83488921,A_Bona_Fide_Killer,Q139411314,180,2026-09-12,A Bona Fide Killer
United States,US,en.wikipedia,82063072,Our_Sticky_Love,Q137835829,639,2026-09-12,Our Sticky Love
Indonesia,ID,en.wikipedia,82063377,Mousetrap_(TV_series),Q140198906,197,2026-09-12,Mousetrap
Philippines,PH,en.wikipedia,82034667,"Four_Hands,_Two_Sonatas",Q137271520,362,2026-09-12,"Four Hands, Two Sonatas"
India,IN,en.wikipedia,83541358,"My_Bias,_My_Boss",Q140329306,458,2026-09-12,"My Bias, My Boss"
Philippines,PH,en.wikipedia,83488921,A_Bona_Fide_Killer,Q139411314,1175,2026-09-12,A Bona Fide Killer
Philippines,PH,en.wikipedia,75325345,Flex_X_Cop,Q121879488,195,2026-09-12,Flex X Cop Season 2
Singapore,SG,en.wikipedia,75325345,Flex_X_Cop,Q121879488,198,2026-09-12,Flex X Cop Season 2
Malaysia,MY,en.wikipedia,83541358,"My_Bias,_My_Boss",Q140329306,97,2026-09-12,"My Bias, My Boss"
Italy,IT,en.wikipedia,82034667,"Four_Hands,_Two_Sonatas",Q137271520,113,2026-09-12,"Four Hands, Two Sonatas"
Philippines,PH,en.wikipedia,82063072,Our_Sticky_Love,Q137835829,248,2026-09-12,Our Sticky Love
Germany,DE,en.wikipedia,83488921,A_Bona_Fide_Killer,Q139411314,115,2026-09-12,A Bona Fide Killer
Singapore,SG,en.wikipedia,82063072,Our_Sticky_Love,Q137835829,156,2026-09-12,Our Sticky Love
United Kingdom,GB,en.wikipedia,82063072,Our_Sticky_Love,Q137835829,101,2026-09-12,Our Sticky Love
Malaysia,MY,en.wikipedia,82063072,Our_Sticky_Love,Q137835829,154,2026-09-12,Our Sticky Love
Indonesia,ID,en.wikipedia,83488921,A_Bona_Fide_Killer,Q139411314,398,2026-09-12,A Bona Fide Killer
Singapore,SG,en.wikipedia,83232158,Spooky_in_Love,Q138266416,114,2026-09-12,Spooky in Love
Philippines,PH,en.wikipedia,82063377,Mousetrap_(TV_series),Q140198906,354,2026-09-12,Mousetrap
United States,US,en.wikipedia,75325345,Flex_X_Cop,Q121879488,244,2026-09-12,Flex X Cop Season 2
Australia,AU,en.wikipedia,82063072,Our_Sticky_Love,Q137835829,90,2026-09-12,Our Sticky Love
United States,US,en.wikipedia,83232158,Spooky_in_Love,Q138266416,418,2026-09-12,Spooky in Love
United States,US,en.wikipedia,75697706,A_Shop_for_Killers,Q123999260,230,2026-09-12,A Shop for Killers Season 2
Philippines,PH,en.wikipedia,75697706,A_Shop_for_Killers,Q123999260,147,2026-09-12,A Shop for Killers Season 2
Thailand,TH,en.wikipedia,83488921,A_Bona_Fide_Killer,Q139411314,139,2026-09-12,A Bona Fide Killer
Malaysia,MY,en.wikipedia,75325345,Flex_X_Cop,Q121879488,171,2026-09-12,Flex X Cop Season 2
United States,US,en.wikipedia,82034667,"Four_Hands,_Two_Sonatas",Q137271520,809,2026-09-12,"Four Hands, Two Sonatas"
India,IN,en.wikipedia,83488921,A_Bona_Fide_Killer,Q139411314,524,2026-09-12,A Bona Fide Killer
India,IN,en.wikipedia,75697706,A_Shop_for_Killers,Q123999260,218,2026-09-12,A Shop for Killers Season 2
Brazil,BR,en.wikipedia,82034667,"Four_Hands,_Two_Sonatas",Q137271520,162,2026-09-12,"Four Hands, Two Sonatas"
Canada,CA,en.wikipedia,82063377,Mousetrap_(TV_series),Q140198906,112,2026-09-12,Mousetrap
United States,US,en.wikipedia,83541358,"My_Bias,_My_Boss",Q140329306,273,2026-09-12,"My Bias, My Boss"
Singapore,SG,en.wikipedia,75697706,A_Shop_for_Killers,Q123999260,116,2026-09-12,A Shop for Killers Season 2
India,IN,en.wikipedia,82063072,Our_Sticky_Love,Q137835829,332,2026-09-12,Our Sticky Love
India,IN,en.wikipedia,83232158,Spooky_in_Love,Q138266416,188,2026-09-12,Spooky in Love
Canada,CA,en.wikipedia,83488921,A_Bona_Fide_Killer,Q139411314,197,2026-09-12,A Bona Fide Killer
Malaysia,MY,en.wikipedia,83488921,A_Bona_Fide_Killer,Q139411314,650,2026-09-12,A Bona Fide Killer
Singapore,SG,en.wikipedia,82034667,"Four_Hands,_Two_Sonatas",Q137271520,272,2026-09-12,"Four Hands, Two Sonatas"
Australia,AU,en.wikipedia,83488921,A_Bona_Fide_Killer,Q139411314,134,2026-09-12,A Bona Fide Killer
Singapore,SG,en.wikipedia,83541358,"My_Bias,_My_Boss",Q140329306,98,2026-09-12,"My Bias, My Boss"
Japan,JP,en.wikipedia,75697706,A_Shop_for_Killers,Q123999260,143,2026-09-12,A Shop for Killers Season 2
India,IN,en.wikipedia,82063377,Mousetrap_(TV_series),Q140198906,421,2026-09-12,Mousetrap
Singapore,SG,en.wikipedia,83488921,A_Bona_Fide_Killer,Q139411314,469,2026-09-12,A Bona Fide Killer
United States,US,en.wikipedia,83488921,A_Bona_Fide_Killer,Q139411314,986,2026-09-12,A Bona Fide Killer
Canada,CA,en.wikipedia,82063072,Our_Sticky_Love,Q137835829,118,2026-09-12,Our Sticky Love
Australia,AU,en.wikipedia,82063377,Mousetrap_(TV_series),Q140198906,110,2026-09-12,Mousetrap
France,FR,en.wikipedia,83488921,A_Bona_Fide_Killer,Q139411314,116,2026-09-12,A Bona Fide Killer
Japan,JP,en.wikipedia,82034667,"Four_Hands,_Two_Sonatas",Q137271520,94,2026-09-12,"Four Hands, Two Sonatas"
Malaysia,MY,en.wikipedia,82063377,Mousetrap_(TV_series),Q140198906,371,2026-09-12,Mousetrap
Singapore,SG,en.wikipedia,82063377,Mousetrap_(TV_series),Q140198906,262,2026-09-12,Mousetrap
Philippines,PH,en.wikipedia,83232158,Spooky_in_Love,Q138266416,113,2026-09-12,Spooky in Love
Canada,CA,en.wikipedia,82034667,"Four_Hands,_Two_Sonatas",Q137271520,126,2026-09-12,"Four Hands, Two Sonatas"
Malaysia,MY,en.wikipedia,75697706,A_Shop_for_Killers,Q123999260,102,2026-09-13,A Shop for Killers Season 2
India,IN,en.wikipedia,82034667,"Four_Hands,_Two_Sonatas",Q137271520,931,2026-09-13,"Four Hands, Two Sonatas"
Japan,JP,en.wikipedia,82063377,Mousetrap_(TV_series),Q140198906,128,2026-09-13,Mousetrap
Malaysia,MY,en.wikipedia,82034667,"Four_Hands,_Two_Sonatas",Q137271520,336,2026-09-13,"Four Hands, Two Sonatas"
United States,US,en.wikipedia,82063377,Mousetrap_(TV_series),Q140198906,668,2026-09-13,Mousetrap
United Kingdom,GB,en.wikipedia,82063377,Mousetrap_(TV_series),Q140198906,127,2026-09-13,Mousetrap
United Kingdom,GB,en.wikipedia,82034667,"Four_Hands,_Two_Sonatas",Q137271520,367,2026-09-13,"Four Hands, Two Sonatas"
India,IN,en.wikipedia,75325345,Flex_X_Cop,Q121879488,328,2026-09-13,Flex X Cop Season 2
Philippines,PH,en.wikipedia,83541358,"My_Bias,_My_Boss",Q140329306,149,2026-09-13,"My Bias, My Boss"
United Kingdom,GB,en.wikipedia,83488921,A_Bona_Fide_Killer,Q139411314,184,2026-09-13,A Bona Fide Killer
United States,US,en.wikipedia,82063072,Our_Sticky_Love,Q137835829,639,2026-09-13,Our Sticky Love
Indonesia,ID,en.wikipedia,82063377,Mousetrap_(TV_series),Q140198906,155,2026-09-13,Mousetrap
Philippines,PH,en.wikipedia,82034667,"Four_Hands,_Two_Sonatas",Q137271520,651,2026-09-13,"Four Hands, Two Sonatas"
India,IN,en.wikipedia,83541358,"My_Bias,_My_Boss",Q140329306,377,2026-09-13,"My Bias, My Boss"
Philippines,PH,en.wikipedia,83488921,A_Bona_Fide_Killer,Q139411314,1328,2026-09-13,A Bona Fide Killer
Philippines,PH,en.wikipedia,75325345,Flex_X_Cop,Q121879488,202,2026-09-13,Flex X Cop Season 2
Singapore,SG,en.wikipedia,75325345,Flex_X_Cop,Q121879488,248,2026-09-13,Flex X Cop Season 2
Italy,IT,en.wikipedia,82034667,"Four_Hands,_Two_Sonatas",Q137271520,181,2026-09-13,"Four Hands, Two Sonatas"
Philippines,PH,en.wikipedia,82063072,Our_Sticky_Love,Q137835829,260,2026-09-13,Our Sticky Love
Germany,DE,en.wikipedia,83488921,A_Bona_Fide_Killer,Q139411314,101,2026-09-13,A Bona Fide Killer
Singapore,SG,en.wikipedia,82063072,Our_Sticky_Love,Q137835829,183,2026-09-13,Our Sticky Love
United Kingdom,GB,en.wikipedia,82063072,Our_Sticky_Love,Q137835829,105,2026-09-13,Our Sticky Love
Malaysia,MY,en.wikipedia,82063072,Our_Sticky_Love,Q137835829,178,2026-09-13,Our Sticky Love
Indonesia,ID,en.wikipedia,83488921,A_Bona_Fide_Killer,Q139411314,423,2026-09-13,A Bona Fide Killer
Singapore,SG,en.wikipedia,83232158,Spooky_in_Love,Q138266416,136,2026-09-13,Spooky in Love
Philippines,PH,en.wikipedia,82063377,Mousetrap_(TV_series),Q140198906,357,2026-09-13,Mousetrap
Italy,IT,en.wikipedia,82063072,Our_Sticky_Love,Q137835829,91,2026-09-13,Our Sticky Love
Germany,DE,en.wikipedia,82034667,"Four_Hands,_Two_Sonatas",Q137271520,153,2026-09-13,"Four Hands, Two Sonatas"
United States,US,en.wikipedia,75325345,Flex_X_Cop,Q121879488,226,2026-09-13,Flex X Cop Season 2
United States,US,en.wikipedia,83232158,Spooky_in_Love,Q138266416,421,2026-09-13,Spooky in Love
Romania,RO,en.wikipedia,82034667,"Four_Hands,_Two_Sonatas",Q137271520,143,2026-09-13,"Four Hands, Two Sonatas"
United States,US,en.wikipedia,75697706,A_Shop_for_Killers,Q123999260,253,2026-09-13,A Shop for Killers Season 2
Philippines,PH,en.wikipedia,75697706,A_Shop_for_Killers,Q123999260,173,2026-09-13,A Shop for Killers Season 2
Thailand,TH,en.wikipedia,83488921,A_Bona_Fide_Killer,Q139411314,207,2026-09-13,A Bona Fide Killer
Malaysia,MY,en.wikipedia,75325345,Flex_X_Cop,Q121879488,233,2026-09-13,Flex X Cop Season 2
United States,US,en.wikipedia,82034667,"Four_Hands,_Two_Sonatas",Q137271520,1462,2026-09-13,"Four Hands, Two Sonatas"
India,IN,en.wikipedia,83488921,A_Bona_Fide_Killer,Q139411314,498,2026-09-13,A Bona Fide Killer
India,IN,en.wikipedia,75697706,A_Shop_for_Killers,Q123999260,245,2026-09-13,A Shop for Killers Season 2
Brazil,BR,en.wikipedia,82034667,"Four_Hands,_Two_Sonatas",Q137271520,231,2026-09-13,"Four Hands, Two Sonatas"
Indonesia,ID,en.wikipedia,82034667,"Four_Hands,_Two_Sonatas",Q137271520,224,2026-09-13,"Four Hands, Two Sonatas"
Canada,CA,en.wikipedia,82063377,Mousetrap_(TV_series),Q140198906,176,2026-09-13,Mousetrap
United States,US,en.wikipedia,83541358,"My_Bias,_My_Boss",Q140329306,275,2026-09-13,"My Bias, My Boss"
Singapore,SG,en.wikipedia,75697706,A_Shop_for_Killers,Q123999260,156,2026-09-13,A Shop for Killers Season 2
India,IN,en.wikipedia,82063072,Our_Sticky_Love,Q137835829,345,2026-09-13,Our Sticky Love
India,IN,en.wikipedia,83232158,Spooky_in_Love,Q138266416,217,2026-09-13,Spooky in Love
Canada,CA,en.wikipedia,83488921,A_Bona_Fide_Killer,Q139411314,246,2026-09-13,A Bona Fide Killer
Malaysia,MY,en.wikipedia,83488921,A_Bona_Fide_Killer,Q139411314,624,2026-09-13,A Bona Fide Killer
Singapore,SG,en.wikipedia,82034667,"Four_Hands,_Two_Sonatas",Q137271520,490,2026-09-13,"Four Hands, Two Sonatas"
Australia,AU,en.wikipedia,83488921,A_Bona_Fide_Killer,Q139411314,222,2026-09-13,A Bona Fide Killer
India,IN,en.wikipedia,82063377,Mousetrap_(TV_series),Q140198906,381,2026-09-13,Mousetrap
Malaysia,MY,en.wikipedia,83232158,Spooky_in_Love,Q138266416,109,2026-09-13,Spooky in Love
Thailand,TH,en.wikipedia,82034667,"Four_Hands,_Two_Sonatas",Q137271520,95,2026-09-13,"Four Hands, Two Sonatas"
Singapore,SG,en.wikipedia,83488921,A_Bona_Fide_Killer,Q139411314,581,2026-09-13,A Bona Fide Killer
Indonesia,ID,en.wikipedia,75325345,Flex_X_Cop,Q121879488,137,2026-09-13,Flex X Cop Season 2
United States,US,en.wikipedia,83488921,A_Bona_Fide_Killer,Q139411314,1074,2026-09-13,A Bona Fide Killer
Canada,CA,en.wikipedia,82063072,Our_Sticky_Love,Q137835829,148,2026-09-13,Our Sticky Love
France,FR,en.wikipedia,83488921,A_Bona_Fide_Killer,Q139411314,124,2026-09-13,A Bona Fide Killer
Japan,JP,en.wikipedia,82034667,"Four_Hands,_Two_Sonatas",Q137271520,228,2026-09-13,"Four Hands, Two Sonatas"
Malaysia,MY,en.wikipedia,82063377,Mousetrap_(TV_series),Q140198906,322,2026-09-13,Mousetrap
Singapore,SG,en.wikipedia,82063377,Mousetrap_(TV_series),Q140198906,272,2026-09-13,Mousetrap
Australia,AU,en.wikipedia,82034667,"Four_Hands,_Two_Sonatas",Q137271520,235,2026-09-13,"Four Hands, Two Sonatas"
Philippines,PH,en.wikipedia,83232158,Spooky_in_Love,Q138266416,149,2026-09-13,Spooky in Love
Canada,CA,en.wikipedia,82034667,"Four_Hands,_Two_Sonatas",Q137271520,345,2026-09-13,"Four Hands, Two Sonatas"
Poland,PL,en.wikipedia,82034667,"Four_Hands,_Two_Sonatas",Q137271520,93,2026-09-13,"Four Hands, Two Sonatas"
India,IN,en.wikipedia,82034667,"Four_Hands,_Two_Sonatas",Q137271520,902,2026-09-14,"Four Hands, Two Sonatas"
Malaysia,MY,en.wikipedia,82034667,"Four_Hands,_Two_Sonatas",Q137271520,342,2026-09-14,"Four Hands, Two Sonatas"
United States,US,en.wikipedia,82063377,Mousetrap_(TV_series),Q140198906,585,2026-09-14,Mousetrap
United Kingdom,GB,en.wikipedia,82063377,Mousetrap_(TV_series),Q140198906,134,2026-09-14,Mousetrap
United Kingdom,GB,en.wikipedia,82034667,"Four_Hands,_Two_Sonatas",Q137271520,172,2026-09-14,"Four Hands, Two Sonatas"
India,IN,en.wikipedia,75325345,Flex_X_Cop,Q121879488,242,2026-09-14,Flex X Cop Season 2
Indonesia,ID,en.wikipedia,82063072,Our_Sticky_Love,Q137835829,92,2026-09-14,Our Sticky Love
Philippines,PH,en.wikipedia,83541358,"My_Bias,_My_Boss",Q140329306,174,2026-09-14,"My Bias, My Boss"
United Kingdom,GB,en.wikipedia,83488921,A_Bona_Fide_Killer,Q139411314,91,2026-09-14,A Bona Fide Killer
United States,US,en.wikipedia,82063072,Our_Sticky_Love,Q137835829,566,2026-09-14,Our Sticky Love
Philippines,PH,en.wikipedia,82034667,"Four_Hands,_Two_Sonatas",Q137271520,642,2026-09-14,"Four Hands, Two Sonatas"
India,IN,en.wikipedia,83541358,"My_Bias,_My_Boss",Q140329306,329,2026-09-14,"My Bias, My Boss"
Philippines,PH,en.wikipedia,83488921,A_Bona_Fide_Killer,Q139411314,745,2026-09-14,A Bona Fide Killer
Philippines,PH,en.wikipedia,75325345,Flex_X_Cop,Q121879488,122,2026-09-14,Flex X Cop Season 2
Singapore,SG,en.wikipedia,75325345,Flex_X_Cop,Q121879488,128,2026-09-14,Flex X Cop Season 2
United Kingdom,GB,en.wikipedia,83232158,Spooky_in_Love,Q138266416,101,2026-09-14,Spooky in Love
Italy,IT,en.wikipedia,82034667,"Four_Hands,_Two_Sonatas",Q137271520,131,2026-09-14,"Four Hands, Two Sonatas"
Philippines,PH,en.wikipedia,82063072,Our_Sticky_Love,Q137835829,251,2026-09-14,Our Sticky Love
Singapore,SG,en.wikipedia,82063072,Our_Sticky_Love,Q137835829,129,2026-09-14,Our Sticky Love
United Kingdom,GB,en.wikipedia,82063072,Our_Sticky_Love,Q137835829,95,2026-09-14,Our Sticky Love
Malaysia,MY,en.wikipedia,82063072,Our_Sticky_Love,Q137835829,92,2026-09-14,Our Sticky Love
Indonesia,ID,en.wikipedia,83488921,A_Bona_Fide_Killer,Q139411314,202,2026-09-14,A Bona Fide Killer
Philippines,PH,en.wikipedia,82063377,Mousetrap_(TV_series),Q140198906,272,2026-09-14,Mousetrap
Germany,DE,en.wikipedia,82034667,"Four_Hands,_Two_Sonatas",Q137271520,124,2026-09-14,"Four Hands, Two Sonatas"
United States,US,en.wikipedia,75325345,Flex_X_Cop,Q121879488,157,2026-09-14,Flex X Cop Season 2
United States,US,en.wikipedia,83232158,Spooky_in_Love,Q138266416,470,2026-09-14,Spooky in Love
Romania,RO,en.wikipedia,82034667,"Four_Hands,_Two_Sonatas",Q137271520,191,2026-09-14,"Four Hands, Two Sonatas"
United States,US,en.wikipedia,75697706,A_Shop_for_Killers,Q123999260,154,2026-09-14,A Shop for Killers Season 2
Philippines,PH,en.wikipedia,75697706,A_Shop_for_Killers,Q123999260,167,2026-09-14,A Shop for Killers Season 2
Malaysia,MY,en.wikipedia,75325345,Flex_X_Cop,Q121879488,125,2026-09-14,Flex X Cop Season 2
United States,US,en.wikipedia,82034667,"Four_Hands,_Two_Sonatas",Q137271520,1328,2026-09-14,"Four Hands, Two Sonatas"
India,IN,en.wikipedia,83488921,A_Bona_Fide_Killer,Q139411314,307,2026-09-14,A Bona Fide Killer
India,IN,en.wikipedia,75697706,A_Shop_for_Killers,Q123999260,151,2026-09-14,A Shop for Killers Season 2
Brazil,BR,en.wikipedia,82034667,"Four_Hands,_Two_Sonatas",Q137271520,197,2026-09-14,"Four Hands, Two Sonatas"
Indonesia,ID,en.wikipedia,82034667,"Four_Hands,_Two_Sonatas",Q137271520,198,2026-09-14,"Four Hands, Two Sonatas"
Canada,CA,en.wikipedia,82063377,Mousetrap_(TV_series),Q140198906,140,2026-09-14,Mousetrap
United States,US,en.wikipedia,83541358,"My_Bias,_My_Boss",Q140329306,205,2026-09-14,"My Bias, My Boss"
India,IN,en.wikipedia,82063072,Our_Sticky_Love,Q137835829,273,2026-09-14,Our Sticky Love
India,IN,en.wikipedia,83232158,Spooky_in_Love,Q138266416,160,2026-09-14,Spooky in Love
Canada,CA,en.wikipedia,83488921,A_Bona_Fide_Killer,Q139411314,176,2026-09-14,A Bona Fide Killer
Malaysia,MY,en.wikipedia,83488921,A_Bona_Fide_Killer,Q139411314,399,2026-09-14,A Bona Fide Killer
Singapore,SG,en.wikipedia,82034667,"Four_Hands,_Two_Sonatas",Q137271520,392,2026-09-14,"Four Hands, Two Sonatas"
Australia,AU,en.wikipedia,83488921,A_Bona_Fide_Killer,Q139411314,143,2026-09-14,A Bona Fide Killer
India,IN,en.wikipedia,82063377,Mousetrap_(TV_series),Q140198906,300,2026-09-14,Mousetrap
Malaysia,MY,en.wikipedia,83232158,Spooky_in_Love,Q138266416,95,2026-09-14,Spooky in Love
Thailand,TH,en.wikipedia,82034667,"Four_Hands,_Two_Sonatas",Q137271520,97,2026-09-14,"Four Hands, Two Sonatas"
Singapore,SG,en.wikipedia,83488921,A_Bona_Fide_Killer,Q139411314,359,2026-09-14,A Bona Fide Killer
United States,US,en.wikipedia,83488921,A_Bona_Fide_Killer,Q139411314,711,2026-09-14,A Bona Fide Killer
Canada,CA,en.wikipedia,82063072,Our_Sticky_Love,Q137835829,117,2026-09-14,Our Sticky Love
Japan,JP,en.wikipedia,82034667,"Four_Hands,_Two_Sonatas",Q137271520,185,2026-09-14,"Four Hands, Two Sonatas"
Malaysia,MY,en.wikipedia,82063377,Mousetrap_(TV_series),Q140198906,308,2026-09-14,Mousetrap
Singapore,SG,en.wikipedia,82063377,Mousetrap_(TV_series),Q140198906,163,2026-09-14,Mousetrap
Australia,AU,en.wikipedia,82034667,"Four_Hands,_Two_Sonatas",Q137271520,242,2026-09-14,"Four Hands, Two Sonatas"
Philippines,PH,en.wikipedia,83232158,Spooky_in_Love,Q138266416,115,2026-09-14,Spooky in Love
Canada,CA,en.wikipedia,82034667,"Four_Hands,_Two_Sonatas",Q137271520,297,2026-09-14,"Four Hands, Two Sonatas"
Malaysia,MY,en.wikipedia,75697706,A_Shop_for_Killers,Q123999260,93,2026-09-15,A Shop for Killers Season 2
India,IN,en.wikipedia,82034667,"Four_Hands,_Two_Sonatas",Q137271520,509,2026-09-15,"Four Hands, Two Sonatas"
Malaysia,MY,en.wikipedia,82034667,"Four_Hands,_Two_Sonatas",Q137271520,186,2026-09-15,"Four Hands, Two Sonatas"
United States,US,en.wikipedia,82063377,Mousetrap_(TV_series),Q140198906,385,2026-09-15,Mousetrap
United Kingdom,GB,en.wikipedia,82063377,Mousetrap_(TV_series),Q140198906,149,2026-09-15,Mousetrap
United Kingdom,GB,en.wikipedia,82034667,"Four_Hands,_Two_Sonatas",Q137271520,156,2026-09-15,"Four Hands, Two Sonatas"
India,IN,en.wikipedia,75325345,Flex_X_Cop,Q121879488,149,2026-09-15,Flex X Cop Season 2
Philippines,PH,en.wikipedia,83541358,"My_Bias,_My_Boss",Q140329306,113,2026-09-15,"My Bias, My Boss"
United States,US,en.wikipedia,82063072,Our_Sticky_Love,Q137835829,543,2026-09-15,Our Sticky Love
Indonesia,ID,en.wikipedia,82063377,Mousetrap_(TV_series),Q140198906,115,2026-09-15,Mousetrap
Philippines,PH,en.wikipedia,82034667,"Four_Hands,_Two_Sonatas",Q137271520,420,2026-09-15,"Four Hands, Two Sonatas"
India,IN,en.wikipedia,83541358,"My_Bias,_My_Boss",Q140329306,320,2026-09-15,"My Bias, My Boss"
Philippines,PH,en.wikipedia,83488921,A_Bona_Fide_Killer,Q139411314,474,2026-09-15,A Bona Fide Killer
Philippines,PH,en.wikipedia,75325345,Flex_X_Cop,Q121879488,121,2026-09-15,Flex X Cop Season 2
Singapore,SG,en.wikipedia,75325345,Flex_X_Cop,Q121879488,92,2026-09-15,Flex X Cop Season 2
Italy,IT,en.wikipedia,82034667,"Four_Hands,_Two_Sonatas",Q137271520,140,2026-09-15,"Four Hands, Two Sonatas"
Philippines,PH,en.wikipedia,82063072,Our_Sticky_Love,Q137835829,206,2026-09-15,Our Sticky Love
Singapore,SG,en.wikipedia,82063072,Our_Sticky_Love,Q137835829,126,2026-09-15,Our Sticky Love
Indonesia,ID,en.wikipedia,83488921,A_Bona_Fide_Killer,Q139411314,183,2026-09-15,A Bona Fide Killer
Singapore,SG,en.wikipedia,83232158,Spooky_in_Love,Q138266416,102,2026-09-15,Spooky in Love
Philippines,PH,en.wikipedia,82063377,Mousetrap_(TV_series),Q140198906,170,2026-09-15,Mousetrap
United States,US,en.wikipedia,75325345,Flex_X_Cop,Q121879488,117,2026-09-15,Flex X Cop Season 2
United States,US,en.wikipedia,83232158,Spooky_in_Love,Q138266416,352,2026-09-15,Spooky in Love
United States,US,en.wikipedia,75697706,A_Shop_for_Killers,Q123999260,198,2026-09-15,A Shop for Killers Season 2
Philippines,PH,en.wikipedia,75697706,A_Shop_for_Killers,Q123999260,119,2026-09-15,A Shop for Killers Season 2
Malaysia,MY,en.wikipedia,75325345,Flex_X_Cop,Q121879488,96,2026-09-15,Flex X Cop Season 2
United States,US,en.wikipedia,82034667,"Four_Hands,_Two_Sonatas",Q137271520,817,2026-09-15,"Four Hands, Two Sonatas"
India,IN,en.wikipedia,83488921,A_Bona_Fide_Killer,Q139411314,249,2026-09-15,A Bona Fide Killer
India,IN,en.wikipedia,75697706,A_Shop_for_Killers,Q123999260,170,2026-09-15,A Shop for Killers Season 2
Brazil,BR,en.wikipedia,82034667,"Four_Hands,_Two_Sonatas",Q137271520,153,2026-09-15,"Four Hands, Two Sonatas"
Indonesia,ID,en.wikipedia,82034667,"Four_Hands,_Two_Sonatas",Q137271520,164,2026-09-15,"Four Hands, Two Sonatas"
Canada,CA,en.wikipedia,82063377,Mousetrap_(TV_series),Q140198906,98,2026-09-15,Mousetrap
United States,US,en.wikipedia,83541358,"My_Bias,_My_Boss",Q140329306,165,2026-09-15,"My Bias, My Boss"
India,IN,en.wikipedia,82063072,Our_Sticky_Love,Q137835829,242,2026-09-15,Our Sticky Love
India,IN,en.wikipedia,83232158,Spooky_in_Love,Q138266416,126,2026-09-15,Spooky in Love
Canada,CA,en.wikipedia,83488921,A_Bona_Fide_Killer,Q139411314,118,2026-09-15,A Bona Fide Killer
Malaysia,MY,en.wikipedia,83488921,A_Bona_Fide_Killer,Q139411314,280,2026-09-15,A Bona Fide Killer
Singapore,SG,en.wikipedia,82034667,"Four_Hands,_Two_Sonatas",Q137271520,284,2026-09-15,"Four Hands, Two Sonatas"
India,IN,en.wikipedia,82063377,Mousetrap_(TV_series),Q140198906,250,2026-09-15,Mousetrap
Singapore,SG,en.wikipedia,83488921,A_Bona_Fide_Killer,Q139411314,181,2026-09-15,A Bona Fide Killer
Indonesia,ID,en.wikipedia,75325345,Flex_X_Cop,Q121879488,95,2026-09-15,Flex X Cop Season 2
United States,US,en.wikipedia,83488921,A_Bona_Fide_Killer,Q139411314,468,2026-09-15,A Bona Fide Killer
Japan,JP,en.wikipedia,82034667,"Four_Hands,_Two_Sonatas",Q137271520,138,2026-09-15,"Four Hands, Two Sonatas"
Malaysia,MY,en.wikipedia,82063377,Mousetrap_(TV_series),Q140198906,223,2026-09-15,Mousetrap
Singapore,SG,en.wikipedia,82063377,Mousetrap_(TV_series),Q140198906,190,2026-09-15,Mousetrap
Australia,AU,en.wikipedia,82034667,"Four_Hands,_Two_Sonatas",Q137271520,110,2026-09-15,"Four Hands, Two Sonatas"
Canada,CA,en.wikipedia,82034667,"Four_Hands,_Two_Sonatas",Q137271520,209,2026-09-15,"Four Hands, Two Sonatas"
India,IN,en.wikipedia,82034667,"Four_Hands,_Two_Sonatas",Q137271520,343,2026-09-16,"Four Hands, Two Sonatas"
Malaysia,MY,en.wikipedia,82034667,"Four_Hands,_Two_Sonatas",Q137271520,185,2026-09-16,"Four Hands, Two Sonatas"
United States,US,en.wikipedia,82063377,Mousetrap_(TV_series),Q140198906,397,2026-09-16,Mousetrap
United Kingdom,GB,en.wikipedia,82063377,Mousetrap_(TV_series),Q140198906,108,2026-09-16,Mousetrap
United Kingdom,GB,en.wikipedia,82034667,"Four_Hands,_Two_Sonatas",Q137271520,172,2026-09-16,"Four Hands, Two Sonatas"
India,IN,en.wikipedia,75325345,Flex_X_Cop,Q121879488,185,2026-09-16,Flex X Cop Season 2
Philippines,PH,en.wikipedia,83541358,"My_Bias,_My_Boss",Q140329306,125,2026-09-16,"My Bias, My Boss"
United States,US,en.wikipedia,82063072,Our_Sticky_Love,Q137835829,533,2026-09-16,Our Sticky Love
Indonesia,ID,en.wikipedia,82063377,Mousetrap_(TV_series),Q140198906,118,2026-09-16,Mousetrap
Philippines,PH,en.wikipedia,82034667,"Four_Hands,_Two_Sonatas",Q137271520,307,2026-09-16,"Four Hands, Two Sonatas"
India,IN,en.wikipedia,83541358,"My_Bias,_My_Boss",Q140329306,317,2026-09-16,"My Bias, My Boss"
Philippines,PH,en.wikipedia,83488921,A_Bona_Fide_Killer,Q139411314,322,2026-09-16,A Bona Fide Killer
Malaysia,MY,en.wikipedia,83541358,"My_Bias,_My_Boss",Q140329306,111,2026-09-16,"My Bias, My Boss"
Italy,IT,en.wikipedia,82034667,"Four_Hands,_Two_Sonatas",Q137271520,100,2026-09-16,"Four Hands, Two Sonatas"
Philippines,PH,en.wikipedia,82063072,Our_Sticky_Love,Q137835829,164,2026-09-16,Our Sticky Love
Singapore,SG,en.wikipedia,82063072,Our_Sticky_Love,Q137835829,92,2026-09-16,Our Sticky Love
Malaysia,MY,en.wikipedia,82063072,Our_Sticky_Love,Q137835829,145,2026-09-16,Our Sticky Love
Indonesia,ID,en.wikipedia,83488921,A_Bona_Fide_Killer,Q139411314,167,2026-09-16,A Bona Fide Killer
Singapore,SG,en.wikipedia,83232158,Spooky_in_Love,Q138266416,108,2026-09-16,Spooky in Love
Philippines,PH,en.wikipedia,82063377,Mousetrap_(TV_series),Q140198906,189,2026-09-16,Mousetrap
United States,US,en.wikipedia,75325345,Flex_X_Cop,Q121879488,129,2026-09-16,Flex X Cop Season 2
Australia,AU,en.wikipedia,82063072,Our_Sticky_Love,Q137835829,118,2026-09-16,Our Sticky Love
United States,US,en.wikipedia,83232158,Spooky_in_Love,Q138266416,325,2026-09-16,Spooky in Love
United States,US,en.wikipedia,75697706,A_Shop_for_Killers,Q123999260,189,2026-09-16,A Shop for Killers Season 2
Malaysia,MY,en.wikipedia,75325345,Flex_X_Cop,Q121879488,142,2026-09-16,Flex X Cop Season 2
United States,US,en.wikipedia,82034667,"Four_Hands,_Two_Sonatas",Q137271520,779,2026-09-16,"Four Hands, Two Sonatas"
India,IN,en.wikipedia,83488921,A_Bona_Fide_Killer,Q139411314,193,2026-09-16,A Bona Fide Killer
India,IN,en.wikipedia,75697706,A_Shop_for_Killers,Q123999260,144,2026-09-16,A Shop for Killers Season 2
Brazil,BR,en.wikipedia,82034667,"Four_Hands,_Two_Sonatas",Q137271520,114,2026-09-16,"Four Hands, Two Sonatas"
Indonesia,ID,en.wikipedia,82034667,"Four_Hands,_Two_Sonatas",Q137271520,127,2026-09-16,"Four Hands, Two Sonatas"
United States,US,en.wikipedia,83541358,"My_Bias,_My_Boss",Q140329306,193,2026-09-16,"My Bias, My Boss"
India,IN,en.wikipedia,82063072,Our_Sticky_Love,Q137835829,234,2026-09-16,Our Sticky Love
India,IN,en.wikipedia,83232158,Spooky_in_Love,Q138266416,171,2026-09-16,Spooky in Love
Canada,CA,en.wikipedia,83488921,A_Bona_Fide_Killer,Q139411314,94,2026-09-16,A Bona Fide Killer
Malaysia,MY,en.wikipedia,83488921,A_Bona_Fide_Killer,Q139411314,179,2026-09-16,A Bona Fide Killer
Singapore,SG,en.wikipedia,82034667,"Four_Hands,_Two_Sonatas",Q137271520,239,2026-09-16,"Four Hands, Two Sonatas"
India,IN,en.wikipedia,82063377,Mousetrap_(TV_series),Q140198906,259,2026-09-16,Mousetrap
Malaysia,MY,en.wikipedia,83232158,Spooky_in_Love,Q138266416,143,2026-09-16,Spooky in Love
Singapore,SG,en.wikipedia,83488921,A_Bona_Fide_Killer,Q139411314,160,2026-09-16,A Bona Fide Killer
United States,US,en.wikipedia,83488921,A_Bona_Fide_Killer,Q139411314,423,2026-09-16,A Bona Fide Killer
Japan,JP,en.wikipedia,82034667,"Four_Hands,_Two_Sonatas",Q137271520,122,2026-09-16,"Four Hands, Two Sonatas"
Malaysia,MY,en.wikipedia,82063377,Mousetrap_(TV_series),Q140198906,275,2026-09-16,Mousetrap
Singapore,SG,en.wikipedia,82063377,Mousetrap_(TV_series),Q140198906,171,2026-09-16,Mousetrap
Australia,AU,en.wikipedia,82034667,"Four_Hands,_Two_Sonatas",Q137271520,138,2026-09-16,"Four Hands, Two Sonatas"
Canada,CA,en.wikipedia,82034667,"Four_Hands,_Two_Sonatas",Q137271520,158,2026-09-16,"Four Hands, Two Sonatas"
India,IN,en.wikipedia,82034667,"Four_Hands,_Two_Sonatas",Q137271520,371,2026-09-17,"Four Hands, Two Sonatas"
Malaysia,MY,en.wikipedia,82034667,"Four_Hands,_Two_Sonatas",Q137271520,196,2026-09-17,"Four Hands, Two Sonatas"
United States,US,en.wikipedia,82063377,Mousetrap_(TV_series),Q140198906,422,2026-09-17,Mousetrap
United Kingdom,GB,en.wikipedia,82063377,Mousetrap_(TV_series),Q140198906,91,2026-09-17,Mousetrap
United Kingdom,GB,en.wikipedia,82034667,"Four_Hands,_Two_Sonatas",Q137271520,109,2026-09-17,"Four Hands, Two Sonatas"
India,IN,en.wikipedia,75325345,Flex_X_Cop,Q121879488,197,2026-09-17,Flex X Cop Season 2
United States,US,en.wikipedia,82063072,Our_Sticky_Love,Q137835829,406,2026-09-17,Our Sticky Love
Philippines,PH,en.wikipedia,82034667,"Four_Hands,_Two_Sonatas",Q137271520,272,2026-09-17,"Four Hands, Two Sonatas"
India,IN,en.wikipedia,83541358,"My_Bias,_My_Boss",Q140329306,315,2026-09-17,"My Bias, My Boss"
Philippines,PH,en.wikipedia,83488921,A_Bona_Fide_Killer,Q139411314,367,2026-09-17,A Bona Fide Killer
Singapore,SG,en.wikipedia,75325345,Flex_X_Cop,Q121879488,126,2026-09-17,Flex X Cop Season 2
Philippines,PH,en.wikipedia,82063072,Our_Sticky_Love,Q137835829,190,2026-09-17,Our Sticky Love
Singapore,SG,en.wikipedia,82063072,Our_Sticky_Love,Q137835829,113,2026-09-17,Our Sticky Love
United Kingdom,GB,en.wikipedia,82063072,Our_Sticky_Love,Q137835829,92,2026-09-17,Our Sticky Love
Indonesia,ID,en.wikipedia,83488921,A_Bona_Fide_Killer,Q139411314,103,2026-09-17,A Bona Fide Killer
Singapore,SG,en.wikipedia,83232158,Spooky_in_Love,Q138266416,132,2026-09-17,Spooky in Love
Philippines,PH,en.wikipedia,82063377,Mousetrap_(TV_series),Q140198906,201,2026-09-17,Mousetrap
United States,US,en.wikipedia,75325345,Flex_X_Cop,Q121879488,106,2026-09-17,Flex X Cop Season 2
United States,US,en.wikipedia,83232158,Spooky_in_Love,Q138266416,279,2026-09-17,Spooky in Love
United States,US,en.wikipedia,75697706,A_Shop_for_Killers,Q123999260,158,2026-09-17,A Shop for Killers Season 2
Philippines,PH,en.wikipedia,75697706,A_Shop_for_Killers,Q123999260,106,2026-09-17,A Shop for Killers Season 2
United States,US,en.wikipedia,82034667,"Four_Hands,_Two_Sonatas",Q137271520,667,2026-09-17,"Four Hands, Two Sonatas"
India,IN,en.wikipedia,83488921,A_Bona_Fide_Killer,Q139411314,221,2026-09-17,A Bona Fide Killer
India,IN,en.wikipedia,75697706,A_Shop_for_Killers,Q123999260,144,2026-09-17,A Shop for Killers Season 2
Brazil,BR,en.wikipedia,82034667,"Four_Hands,_Two_Sonatas",Q137271520,114,2026-09-17,"Four Hands, Two Sonatas"
Indonesia,ID,en.wikipedia,82034667,"Four_Hands,_Two_Sonatas",Q137271520,120,2026-09-17,"Four Hands, Two Sonatas"
United States,US,en.wikipedia,83541358,"My_Bias,_My_Boss",Q140329306,211,2026-09-17,"My Bias, My Boss"
India,IN,en.wikipedia,82063072,Our_Sticky_Love,Q137835829,214,2026-09-17,Our Sticky Love
India,IN,en.wikipedia,83232158,Spooky_in_Love,Q138266416,168,2026-09-17,Spooky in Love
Malaysia,MY,en.wikipedia,83488921,A_Bona_Fide_Killer,Q139411314,181,2026-09-17,A Bona Fide Killer
Singapore,SG,en.wikipedia,82034667,"Four_Hands,_Two_Sonatas",Q137271520,264,2026-09-17,"Four Hands, Two Sonatas"
India,IN,en.wikipedia,82063377,Mousetrap_(TV_series),Q140198906,235,2026-09-17,Mousetrap
Malaysia,MY,en.wikipedia,83232158,Spooky_in_Love,Q138266416,93,2026-09-17,Spooky in Love
Singapore,SG,en.wikipedia,83488921,A_Bona_Fide_Killer,Q139411314,142,2026-09-17,A Bona Fide Killer
United States,US,en.wikipedia,83488921,A_Bona_Fide_Killer,Q139411314,364,2026-09-17,A Bona Fide Killer
Canada,CA,en.wikipedia,82063072,Our_Sticky_Love,Q137835829,112,2026-09-17,Our Sticky Love
Japan,JP,en.wikipedia,82034667,"Four_Hands,_Two_Sonatas",Q137271520,112,2026-09-17,"Four Hands, Two Sonatas"
Malaysia,MY,en.wikipedia,82063377,Mousetrap_(TV_series),Q140198906,149,2026-09-17,Mousetrap
Singapore,SG,en.wikipedia,82063377,Mousetrap_(TV_series),Q140198906,114,2026-09-17,Mousetrap
Australia,AU,en.wikipedia,82034667,"Four_Hands,_Two_Sonatas",Q137271520,108,2026-09-17,"Four Hands, Two Sonatas"
Canada,CA,en.wikipedia,82034667,"Four_Hands,_Two_Sonatas",Q137271520,105,2026-09-17,"Four Hands, Two Sonatas"
India,IN,en.wikipedia,82034667,"Four_Hands,_Two_Sonatas",Q137271520,260,2026-09-18,"Four Hands, Two Sonatas"
Malaysia,MY,en.wikipedia,82034667,"Four_Hands,_Two_Sonatas",Q137271520,103,2026-09-18,"Four Hands, Two Sonatas"
United States,US,en.wikipedia,82063377,Mousetrap_(TV_series),Q140198906,262,2026-09-18,Mousetrap
United Kingdom,GB,en.wikipedia,82063377,Mousetrap_(TV_series),Q140198906,112,2026-09-18,Mousetrap
United Kingdom,GB,en.wikipedia,82034667,"Four_Hands,_Two_Sonatas",Q137271520,96,2026-09-18,"Four Hands, Two Sonatas"
India,IN,en.wikipedia,75325345,Flex_X_Cop,Q121879488,214,2026-09-18,Flex X Cop Season 2
United States,US,en.wikipedia,82063072,Our_Sticky_Love,Q137835829,394,2026-09-18,Our Sticky Love
Indonesia,ID,en.wikipedia,82063377,Mousetrap_(TV_series),Q140198906,109,2026-09-18,Mousetrap
Philippines,PH,en.wikipedia,82034667,"Four_Hands,_Two_Sonatas",Q137271520,194,2026-09-18,"Four Hands, Two Sonatas"
India,IN,en.wikipedia,83541358,"My_Bias,_My_Boss",Q140329306,251,2026-09-18,"My Bias, My Boss"
Philippines,PH,en.wikipedia,83488921,A_Bona_Fide_Killer,Q139411314,281,2026-09-18,A Bona Fide Killer
Philippines,PH,en.wikipedia,75325345,Flex_X_Cop,Q121879488,112,2026-09-18,Flex X Cop Season 2
Singapore,SG,en.wikipedia,75325345,Flex_X_Cop,Q121879488,101,2026-09-18,Flex X Cop Season 2
Philippines,PH,en.wikipedia,82063072,Our_Sticky_Love,Q137835829,163,2026-09-18,Our Sticky Love
Singapore,SG,en.wikipedia,82063072,Our_Sticky_Love,Q137835829,130,2026-09-18,Our Sticky Love
Malaysia,MY,en.wikipedia,82063072,Our_Sticky_Love,Q137835829,105,2026-09-18,Our Sticky Love
Indonesia,ID,en.wikipedia,83488921,A_Bona_Fide_Killer,Q139411314,106,2026-09-18,A Bona Fide Killer
Singapore,SG,en.wikipedia,83232158,Spooky_in_Love,Q138266416,104,2026-09-18,Spooky in Love
Philippines,PH,en.wikipedia,82063377,Mousetrap_(TV_series),Q140198906,107,2026-09-18,Mousetrap
United States,US,en.wikipedia,75325345,Flex_X_Cop,Q121879488,196,2026-09-18,Flex X Cop Season 2
United States,US,en.wikipedia,83232158,Spooky_in_Love,Q138266416,350,2026-09-18,Spooky in Love
United States,US,en.wikipedia,75697706,A_Shop_for_Killers,Q123999260,157,2026-09-18,A Shop for Killers Season 2
Malaysia,MY,en.wikipedia,75325345,Flex_X_Cop,Q121879488,141,2026-09-18,Flex X Cop Season 2
United States,US,en.wikipedia,82034667,"Four_Hands,_Two_Sonatas",Q137271520,594,2026-09-18,"Four Hands, Two Sonatas"
India,IN,en.wikipedia,83488921,A_Bona_Fide_Killer,Q139411314,159,2026-09-18,A Bona Fide Killer
India,IN,en.wikipedia,75697706,A_Shop_for_Killers,Q123999260,134,2026-09-18,A Shop for Killers Season 2
Brazil,BR,en.wikipedia,82034667,"Four_Hands,_Two_Sonatas",Q137271520,113,2026-09-18,"Four Hands, Two Sonatas"
United States,US,en.wikipedia,83541358,"My_Bias,_My_Boss",Q140329306,136,2026-09-18,"My Bias, My Boss"
India,IN,en.wikipedia,82063072,Our_Sticky_Love,Q137835829,249,2026-09-18,Our Sticky Love
India,IN,en.wikipedia,83232158,Spooky_in_Love,Q138266416,137,2026-09-18,Spooky in Love
Malaysia,MY,en.wikipedia,83488921,A_Bona_Fide_Killer,Q139411314,213,2026-09-18,A Bona Fide Killer
Singapore,SG,en.wikipedia,82034667,"Four_Hands,_Two_Sonatas",Q137271520,239,2026-09-18,"Four Hands, Two Sonatas"
India,IN,en.wikipedia,82063377,Mousetrap_(TV_series),Q140198906,211,2026-09-18,Mousetrap
Singapore,SG,en.wikipedia,83488921,A_Bona_Fide_Killer,Q139411314,150,2026-09-18,A Bona Fide Killer
United States,US,en.wikipedia,83488921,A_Bona_Fide_Killer,Q139411314,347,2026-09-18,A Bona Fide Killer
Malaysia,MY,en.wikipedia,82063377,Mousetrap_(TV_series),Q140198906,157,2026-09-18,Mousetrap
Singapore,SG,en.wikipedia,82063377,Mousetrap_(TV_series),Q140198906,115,2026-09-18,Mousetrap
India,IN,en.wikipedia,82034667,"Four_Hands,_Two_Sonatas",Q137271520,416,2026-09-19,"Four Hands, Two Sonatas"
Malaysia,MY,en.wikipedia,82034667,"Four_Hands,_Two_Sonatas",Q137271520,189,2026-09-19,"Four Hands, Two Sonatas"
United States,US,en.wikipedia,82063377,Mousetrap_(TV_series),Q140198906,317,2026-09-19,Mousetrap
United Kingdom,GB,en.wikipedia,82034667,"Four_Hands,_Two_Sonatas",Q137271520,135,2026-09-19,"Four Hands, Two Sonatas"
India,IN,en.wikipedia,75325345,Flex_X_Cop,Q121879488,439,2026-09-19,Flex X Cop Season 2
Philippines,PH,en.wikipedia,83541358,"My_Bias,_My_Boss",Q140329306,141,2026-09-19,"My Bias, My Boss"
United Kingdom,GB,en.wikipedia,75325345,Flex_X_Cop,Q121879488,104,2026-09-19,Flex X Cop Season 2
United States,US,en.wikipedia,82063072,Our_Sticky_Love,Q137835829,438,2026-09-19,Our Sticky Love
Indonesia,ID,en.wikipedia,82063377,Mousetrap_(TV_series),Q140198906,100,2026-09-19,Mousetrap
Philippines,PH,en.wikipedia,82034667,"Four_Hands,_Two_Sonatas",Q137271520,337,2026-09-19,"Four Hands, Two Sonatas"
India,IN,en.wikipedia,83541358,"My_Bias,_My_Boss",Q140329306,233,2026-09-19,"My Bias, My Boss"
Philippines,PH,en.wikipedia,83488921,A_Bona_Fide_Killer,Q139411314,296,2026-09-19,A Bona Fide Killer
Philippines,PH,en.wikipedia,75325345,Flex_X_Cop,Q121879488,225,2026-09-19,Flex X Cop Season 2
Thailand,TH,en.wikipedia,75325345,Flex_X_Cop,Q121879488,121,2026-09-19,Flex X Cop Season 2
Singapore,SG,en.wikipedia,75325345,Flex_X_Cop,Q121879488,240,2026-09-19,Flex X Cop Season 2
Malaysia,MY,en.wikipedia,83541358,"My_Bias,_My_Boss",Q140329306,96,2026-09-19,"My Bias, My Boss"
Italy,IT,en.wikipedia,82034667,"Four_Hands,_Two_Sonatas",Q137271520,94,2026-09-19,"Four Hands, Two Sonatas"
Philippines,PH,en.wikipedia,82063072,Our_Sticky_Love,Q137835829,142,2026-09-19,Our Sticky Love
Singapore,SG,en.wikipedia,82063072,Our_Sticky_Love,Q137835829,112,2026-09-19,Our Sticky Love
Malaysia,MY,en.wikipedia,82063072,Our_Sticky_Love,Q137835829,107,2026-09-19,Our Sticky Love
Indonesia,ID,en.wikipedia,83488921,A_Bona_Fide_Killer,Q139411314,162,2026-09-19,A Bona Fide Killer
Singapore,SG,en.wikipedia,83232158,Spooky_in_Love,Q138266416,121,2026-09-19,Spooky in Love
Philippines,PH,en.wikipedia,82063377,Mousetrap_(TV_series),Q140198906,133,2026-09-19,Mousetrap
United States,US,en.wikipedia,75325345,Flex_X_Cop,Q121879488,355,2026-09-19,Flex X Cop Season 2
United States,US,en.wikipedia,83232158,Spooky_in_Love,Q138266416,406,2026-09-19,Spooky in Love
United States,US,en.wikipedia,75697706,A_Shop_for_Killers,Q123999260,172,2026-09-19,A Shop for Killers Season 2
Philippines,PH,en.wikipedia,75697706,A_Shop_for_Killers,Q123999260,156,2026-09-19,A Shop for Killers Season 2
Malaysia,MY,en.wikipedia,75325345,Flex_X_Cop,Q121879488,242,2026-09-19,Flex X Cop Season 2
United States,US,en.wikipedia,82034667,"Four_Hands,_Two_Sonatas",Q137271520,803,2026-09-19,"Four Hands, Two Sonatas"
India,IN,en.wikipedia,83488921,A_Bona_Fide_Killer,Q139411314,157,2026-09-19,A Bona Fide Killer
India,IN,en.wikipedia,75697706,A_Shop_for_Killers,Q123999260,157,2026-09-19,A Shop for Killers Season 2
Brazil,BR,en.wikipedia,82034667,"Four_Hands,_Two_Sonatas",Q137271520,179,2026-09-19,"Four Hands, Two Sonatas"
Indonesia,ID,en.wikipedia,82034667,"Four_Hands,_Two_Sonatas",Q137271520,141,2026-09-19,"Four Hands, Two Sonatas"
Canada,CA,en.wikipedia,82063377,Mousetrap_(TV_series),Q140198906,102,2026-09-19,Mousetrap
United States,US,en.wikipedia,83541358,"My_Bias,_My_Boss",Q140329306,153,2026-09-19,"My Bias, My Boss"
India,IN,en.wikipedia,82063072,Our_Sticky_Love,Q137835829,193,2026-09-19,Our Sticky Love
India,IN,en.wikipedia,83232158,Spooky_in_Love,Q138266416,173,2026-09-19,Spooky in Love
Canada,CA,en.wikipedia,83488921,A_Bona_Fide_Killer,Q139411314,109,2026-09-19,A Bona Fide Killer
Malaysia,MY,en.wikipedia,83488921,A_Bona_Fide_Killer,Q139411314,149,2026-09-19,A Bona Fide Killer
Singapore,SG,en.wikipedia,82034667,"Four_Hands,_Two_Sonatas",Q137271520,233,2026-09-19,"Four Hands, Two Sonatas"
India,IN,en.wikipedia,82063377,Mousetrap_(TV_series),Q140198906,162,2026-09-19,Mousetrap
Singapore,SG,en.wikipedia,83488921,A_Bona_Fide_Killer,Q139411314,108,2026-09-19,A Bona Fide Killer
Indonesia,ID,en.wikipedia,75325345,Flex_X_Cop,Q121879488,163,2026-09-19,Flex X Cop Season 2
United States,US,en.wikipedia,83488921,A_Bona_Fide_Killer,Q139411314,285,2026-09-19,A Bona Fide Killer
Japan,JP,en.wikipedia,82034667,"Four_Hands,_Two_Sonatas",Q137271520,107,2026-09-19,"Four Hands, Two Sonatas"
Malaysia,MY,en.wikipedia,82063377,Mousetrap_(TV_series),Q140198906,188,2026-09-19,Mousetrap
Singapore,SG,en.wikipedia,82063377,Mousetrap_(TV_series),Q140198906,92,2026-09-19,Mousetrap
Australia,AU,en.wikipedia,82034667,"Four_Hands,_Two_Sonatas",Q137271520,128,2026-09-19,"Four Hands, Two Sonatas"
Canada,CA,en.wikipedia,82034667,"Four_Hands,_Two_Sonatas",Q137271520,181,2026-09-19,"Four Hands, Two Sonatas"
Malaysia,MY,en.wikipedia,75697706,A_Shop_for_Killers,Q123999260,136,2026-09-20,A Shop for Killers Season 2
India,IN,en.wikipedia,82034667,"Four_Hands,_Two_Sonatas",Q137271520,652,2026-09-20,"Four Hands, Two Sonatas"
Malaysia,MY,en.wikipedia,82034667,"Four_Hands,_Two_Sonatas",Q137271520,335,2026-09-20,"Four Hands, Two Sonatas"
United States,US,en.wikipedia,82063377,Mousetrap_(TV_series),Q140198906,309,2026-09-20,Mousetrap
United Kingdom,GB,en.wikipedia,82063377,Mousetrap_(TV_series),Q140198906,105,2026-09-20,Mousetrap
United Kingdom,GB,en.wikipedia,82034667,"Four_Hands,_Two_Sonatas",Q137271520,233,2026-09-20,"Four Hands, Two Sonatas"
India,IN,en.wikipedia,75325345,Flex_X_Cop,Q121879488,538,2026-09-20,Flex X Cop Season 2
Philippines,PH,en.wikipedia,83541358,"My_Bias,_My_Boss",Q140329306,93,2026-09-20,"My Bias, My Boss"
United States,US,en.wikipedia,82063072,Our_Sticky_Love,Q137835829,447,2026-09-20,Our Sticky Love
Indonesia,ID,en.wikipedia,82063377,Mousetrap_(TV_series),Q140198906,91,2026-09-20,Mousetrap
Philippines,PH,en.wikipedia,82034667,"Four_Hands,_Two_Sonatas",Q137271520,516,2026-09-20,"Four Hands, Two Sonatas"
India,IN,en.wikipedia,83541358,"My_Bias,_My_Boss",Q140329306,237,2026-09-20,"My Bias, My Boss"
Philippines,PH,en.wikipedia,83488921,A_Bona_Fide_Killer,Q139411314,245,2026-09-20,A Bona Fide Killer
Philippines,PH,en.wikipedia,75325345,Flex_X_Cop,Q121879488,316,2026-09-20,Flex X Cop Season 2
Thailand,TH,en.wikipedia,75325345,Flex_X_Cop,Q121879488,114,2026-09-20,Flex X Cop Season 2
Singapore,SG,en.wikipedia,75325345,Flex_X_Cop,Q121879488,252,2026-09-20,Flex X Cop Season 2
Italy,IT,en.wikipedia,82034667,"Four_Hands,_Two_Sonatas",Q137271520,171,2026-09-20,"Four Hands, Two Sonatas"
Philippines,PH,en.wikipedia,82063072,Our_Sticky_Love,Q137835829,197,2026-09-20,Our Sticky Love
Malaysia,MY,en.wikipedia,82063072,Our_Sticky_Love,Q137835829,115,2026-09-20,Our Sticky Love
Indonesia,ID,en.wikipedia,83488921,A_Bona_Fide_Killer,Q139411314,108,2026-09-20,A Bona Fide Killer
Singapore,SG,en.wikipedia,83232158,Spooky_in_Love,Q138266416,148,2026-09-20,Spooky in Love
Philippines,PH,en.wikipedia,82063377,Mousetrap_(TV_series),Q140198906,111,2026-09-20,Mousetrap
United States,US,en.wikipedia,75325345,Flex_X_Cop,Q121879488,371,2026-09-20,Flex X Cop Season 2
United States,US,en.wikipedia,83232158,Spooky_in_Love,Q138266416,430,2026-09-20,Spooky in Love
United States,US,en.wikipedia,75697706,A_Shop_for_Killers,Q123999260,171,2026-09-20,A Shop for Killers Season 2
Philippines,PH,en.wikipedia,75697706,A_Shop_for_Killers,Q123999260,109,2026-09-20,A Shop for Killers Season 2
Malaysia,MY,en.wikipedia,75325345,Flex_X_Cop,Q121879488,276,2026-09-20,Flex X Cop Season 2
United States,US,en.wikipedia,82034667,"Four_Hands,_Two_Sonatas",Q137271520,1220,2026-09-20,"Four Hands, Two Sonatas"
India,IN,en.wikipedia,83488921,A_Bona_Fide_Killer,Q139411314,190,2026-09-20,A Bona Fide Killer
India,IN,en.wikipedia,75697706,A_Shop_for_Killers,Q123999260,158,2026-09-20,A Shop for Killers Season 2
Brazil,BR,en.wikipedia,82034667,"Four_Hands,_Two_Sonatas",Q137271520,212,2026-09-20,"Four Hands, Two Sonatas"
Canada,CA,en.wikipedia,75325345,Flex_X_Cop,Q121879488,98,2026-09-20,Flex X Cop Season 2
Indonesia,ID,en.wikipedia,82034667,"Four_Hands,_Two_Sonatas",Q137271520,191,2026-09-20,"Four Hands, Two Sonatas"
United States,US,en.wikipedia,83541358,"My_Bias,_My_Boss",Q140329306,158,2026-09-20,"My Bias, My Boss"
Singapore,SG,en.wikipedia,75697706,A_Shop_for_Killers,Q123999260,94,2026-09-20,A Shop for Killers Season 2
India,IN,en.wikipedia,82063072,Our_Sticky_Love,Q137835829,236,2026-09-20,Our Sticky Love
India,IN,en.wikipedia,83232158,Spooky_in_Love,Q138266416,192,2026-09-20,Spooky in Love
Malaysia,MY,en.wikipedia,83488921,A_Bona_Fide_Killer,Q139411314,141,2026-09-20,A Bona Fide Killer
Singapore,SG,en.wikipedia,82034667,"Four_Hands,_Two_Sonatas",Q137271520,446,2026-09-20,"Four Hands, Two Sonatas"
Japan,JP,en.wikipedia,75697706,A_Shop_for_Killers,Q123999260,103,2026-09-20,A Shop for Killers Season 2
India,IN,en.wikipedia,82063377,Mousetrap_(TV_series),Q140198906,125,2026-09-20,Mousetrap
Singapore,SG,en.wikipedia,83488921,A_Bona_Fide_Killer,Q139411314,117,2026-09-20,A Bona Fide Killer
Indonesia,ID,en.wikipedia,75325345,Flex_X_Cop,Q121879488,145,2026-09-20,Flex X Cop Season 2
United States,US,en.wikipedia,83488921,A_Bona_Fide_Killer,Q139411314,314,2026-09-20,A Bona Fide Killer
Canada,CA,en.wikipedia,82063072,Our_Sticky_Love,Q137835829,91,2026-09-20,Our Sticky Love
Japan,JP,en.wikipedia,82034667,"Four_Hands,_Two_Sonatas",Q137271520,141,2026-09-20,"Four Hands, Two Sonatas"
Malaysia,MY,en.wikipedia,82063377,Mousetrap_(TV_series),Q140198906,132,2026-09-20,Mousetrap
Singapore,SG,en.wikipedia,82063377,Mousetrap_(TV_series),Q140198906,156,2026-09-20,Mousetrap
Australia,AU,en.wikipedia,82034667,"Four_Hands,_Two_Sonatas",Q137271520,145,2026-09-20,"Four Hands, Two Sonatas"
Philippines,PH,en.wikipedia,83232158,Spooky_in_Love,Q138266416,97,2026-09-20,Spooky in Love
Canada,CA,en.wikipedia,82034667,"Four_Hands,_Two_Sonatas",Q137271520,241,2026-09-20,"Four Hands, Two Sonatas"
India,IN,en.wikipedia,82034667,"Four_Hands,_Two_Sonatas",Q137271520,608,2026-09-21,"Four Hands, Two Sonatas"
Malaysia,MY,en.wikipedia,82034667,"Four_Hands,_Two_Sonatas",Q137271520,252,2026-09-21,"Four Hands, Two Sonatas"
United States,US,en.wikipedia,82063377,Mousetrap_(TV_series),Q140198906,263,2026-09-21,Mousetrap
United Kingdom,GB,en.wikipedia,82034667,"Four_Hands,_Two_Sonatas",Q137271520,160,2026-09-21,"Four Hands, Two Sonatas"
India,IN,en.wikipedia,75325345,Flex_X_Cop,Q121879488,249,2026-09-21,Flex X Cop Season 2
United States,US,en.wikipedia,82063072,Our_Sticky_Love,Q137835829,430,2026-09-21,Our Sticky Love
Philippines,PH,en.wikipedia,82034667,"Four_Hands,_Two_Sonatas",Q137271520,421,2026-09-21,"Four Hands, Two Sonatas"
India,IN,en.wikipedia,83541358,"My_Bias,_My_Boss",Q140329306,224,2026-09-21,"My Bias, My Boss"
Philippines,PH,en.wikipedia,83488921,A_Bona_Fide_Killer,Q139411314,208,2026-09-21,A Bona Fide Killer
Philippines,PH,en.wikipedia,75325345,Flex_X_Cop,Q121879488,170,2026-09-21,Flex X Cop Season 2
Singapore,SG,en.wikipedia,75325345,Flex_X_Cop,Q121879488,122,2026-09-21,Flex X Cop Season 2
Italy,IT,en.wikipedia,82034667,"Four_Hands,_Two_Sonatas",Q137271520,109,2026-09-21,"Four Hands, Two Sonatas"
Philippines,PH,en.wikipedia,82063072,Our_Sticky_Love,Q137835829,156,2026-09-21,Our Sticky Love
Singapore,SG,en.wikipedia,82063072,Our_Sticky_Love,Q137835829,90,2026-09-21,Our Sticky Love
Singapore,SG,en.wikipedia,83232158,Spooky_in_Love,Q138266416,93,2026-09-21,Spooky in Love
United States,US,en.wikipedia,75325345,Flex_X_Cop,Q121879488,218,2026-09-21,Flex X Cop Season 2
United States,US,en.wikipedia,83232158,Spooky_in_Love,Q138266416,424,2026-09-21,Spooky in Love
United States,US,en.wikipedia,75697706,A_Shop_for_Killers,Q123999260,161,2026-09-21,A Shop for Killers Season 2
Malaysia,MY,en.wikipedia,75325345,Flex_X_Cop,Q121879488,157,2026-09-21,Flex X Cop Season 2
United States,US,en.wikipedia,82034667,"Four_Hands,_Two_Sonatas",Q137271520,1083,2026-09-21,"Four Hands, Two Sonatas"
India,IN,en.wikipedia,83488921,A_Bona_Fide_Killer,Q139411314,130,2026-09-21,A Bona Fide Killer
India,IN,en.wikipedia,75697706,A_Shop_for_Killers,Q123999260,172,2026-09-21,A Shop for Killers Season 2
Brazil,BR,en.wikipedia,82034667,"Four_Hands,_Two_Sonatas",Q137271520,206,2026-09-21,"Four Hands, Two Sonatas"
Indonesia,ID,en.wikipedia,82034667,"Four_Hands,_Two_Sonatas",Q137271520,207,2026-09-21,"Four Hands, Two Sonatas"
United States,US,en.wikipedia,83541358,"My_Bias,_My_Boss",Q140329306,109,2026-09-21,"My Bias, My Boss"
Singapore,SG,en.wikipedia,75697706,A_Shop_for_Killers,Q123999260,106,2026-09-21,A Shop for Killers Season 2
India,IN,en.wikipedia,82063072,Our_Sticky_Love,Q137835829,221,2026-09-21,Our Sticky Love
India,IN,en.wikipedia,83232158,Spooky_in_Love,Q138266416,151,2026-09-21,Spooky in Love
Malaysia,MY,en.wikipedia,83488921,A_Bona_Fide_Killer,Q139411314,166,2026-09-21,A Bona Fide Killer
Singapore,SG,en.wikipedia,82034667,"Four_Hands,_Two_Sonatas",Q137271520,343,2026-09-21,"Four Hands, Two Sonatas"
India,IN,en.wikipedia,82063377,Mousetrap_(TV_series),Q140198906,200,2026-09-21,Mousetrap
United States,US,en.wikipedia,83488921,A_Bona_Fide_Killer,Q139411314,267,2026-09-21,A Bona Fide Killer
Australia,AU,en.wikipedia,82063377,Mousetrap_(TV_series),Q140198906,93,2026-09-21,Mousetrap
Japan,JP,en.wikipedia,82034667,"Four_Hands,_Two_Sonatas",Q137271520,188,2026-09-21,"Four Hands, Two Sonatas"
Malaysia,MY,en.wikipedia,82063377,Mousetrap_(TV_series),Q140198906,122,2026-09-21,Mousetrap
France,FR,en.wikipedia,82034667,"Four_Hands,_Two_Sonatas",Q137271520,97,2026-09-21,"Four Hands, Two Sonatas"
Australia,AU,en.wikipedia,82034667,"Four_Hands,_Two_Sonatas",Q137271520,185,2026-09-21,"Four Hands, Two Sonatas"
Canada,CA,en.wikipedia,82034667,"Four_Hands,_Two_Sonatas",Q137271520,170,2026-09-21,"Four Hands, Two Sonatas"
India,IN,en.wikipedia,82034667,"Four_Hands,_Two_Sonatas",Q137271520,462,2026-09-22,"Four Hands, Two Sonatas"
Malaysia,MY,en.wikipedia,82034667,"Four_Hands,_Two_Sonatas",Q137271520,120,2026-09-22,"Four Hands, Two Sonatas"
United States,US,en.wikipedia,82063377,Mousetrap_(TV_series),Q140198906,232,2026-09-22,Mousetrap
United Kingdom,GB,en.wikipedia,82034667,"Four_Hands,_Two_Sonatas",Q137271520,129,2026-09-22,"Four Hands, Two Sonatas"
India,IN,en.wikipedia,75325345,Flex_X_Cop,Q121879488,170,2026-09-22,Flex X Cop Season 2
United States,US,en.wikipedia,82063072,Our_Sticky_Love,Q137835829,418,2026-09-22,Our Sticky Love
Philippines,PH,en.wikipedia,82034667,"Four_Hands,_Two_Sonatas",Q137271520,303,2026-09-22,"Four Hands, Two Sonatas"
India,IN,en.wikipedia,83541358,"My_Bias,_My_Boss",Q140329306,189,2026-09-22,"My Bias, My Boss"
Philippines,PH,en.wikipedia,83488921,A_Bona_Fide_Killer,Q139411314,185,2026-09-22,A Bona Fide Killer
Philippines,PH,en.wikipedia,75325345,Flex_X_Cop,Q121879488,102,2026-09-22,Flex X Cop Season 2
Singapore,SG,en.wikipedia,75325345,Flex_X_Cop,Q121879488,99,2026-09-22,Flex X Cop Season 2
Italy,IT,en.wikipedia,82034667,"Four_Hands,_Two_Sonatas",Q137271520,99,2026-09-22,"Four Hands, Two Sonatas"
Philippines,PH,en.wikipedia,82063072,Our_Sticky_Love,Q137835829,121,2026-09-22,Our Sticky Love
United Kingdom,GB,en.wikipedia,82063072,Our_Sticky_Love,Q137835829,107,2026-09-22,Our Sticky Love
Malaysia,MY,en.wikipedia,82063072,Our_Sticky_Love,Q137835829,113,2026-09-22,Our Sticky Love
Singapore,SG,en.wikipedia,83232158,Spooky_in_Love,Q138266416,101,2026-09-22,Spooky in Love
United States,US,en.wikipedia,75325345,Flex_X_Cop,Q121879488,161,2026-09-22,Flex X Cop Season 2
United States,US,en.wikipedia,83232158,Spooky_in_Love,Q138266416,345,2026-09-22,Spooky in Love
United States,US,en.wikipedia,75697706,A_Shop_for_Killers,Q123999260,166,2026-09-22,A Shop for Killers Season 2
Malaysia,MY,en.wikipedia,75325345,Flex_X_Cop,Q121879488,102,2026-09-22,Flex X Cop Season 2
United States,US,en.wikipedia,82034667,"Four_Hands,_Two_Sonatas",Q137271520,742,2026-09-22,"Four Hands, Two Sonatas"
India,IN,en.wikipedia,83488921,A_Bona_Fide_Killer,Q139411314,99,2026-09-22,A Bona Fide Killer
India,IN,en.wikipedia,75697706,A_Shop_for_Killers,Q123999260,142,2026-09-22,A Shop for Killers Season 2
Brazil,BR,en.wikipedia,82034667,"Four_Hands,_Two_Sonatas",Q137271520,156,2026-09-22,"Four Hands, Two Sonatas"
Indonesia,ID,en.wikipedia,82034667,"Four_Hands,_Two_Sonatas",Q137271520,103,2026-09-22,"Four Hands, Two Sonatas"
Canada,CA,en.wikipedia,82063377,Mousetrap_(TV_series),Q140198906,97,2026-09-22,Mousetrap
United States,US,en.wikipedia,83541358,"My_Bias,_My_Boss",Q140329306,125,2026-09-22,"My Bias, My Boss"
India,IN,en.wikipedia,82063072,Our_Sticky_Love,Q137835829,197,2026-09-22,Our Sticky Love
India,IN,en.wikipedia,83232158,Spooky_in_Love,Q138266416,143,2026-09-22,Spooky in Love
Malaysia,MY,en.wikipedia,83488921,A_Bona_Fide_Killer,Q139411314,118,2026-09-22,A Bona Fide Killer
Singapore,SG,en.wikipedia,82034667,"Four_Hands,_Two_Sonatas",Q137271520,257,2026-09-22,"Four Hands, Two Sonatas"
India,IN,en.wikipedia,82063377,Mousetrap_(TV_series),Q140198906,160,2026-09-22,Mousetrap
Singapore,SG,en.wikipedia,83488921,A_Bona_Fide_Killer,Q139411314,101,2026-09-22,A Bona Fide Killer
United States,US,en.wikipedia,83488921,A_Bona_Fide_Killer,Q139411314,218,2026-09-22,A Bona Fide Killer
Japan,JP,en.wikipedia,82034667,"Four_Hands,_Two_Sonatas",Q137271520,160,2026-09-22,"Four Hands, Two Sonatas"
Malaysia,MY,en.wikipedia,82063377,Mousetrap_(TV_series),Q140198906,135,2026-09-22,Mousetrap
Singapore,SG,en.wikipedia,82063377,Mousetrap_(TV_series),Q140198906,91,2026-09-22,Mousetrap
Australia,AU,en.wikipedia,82034667,"Four_Hands,_Two_Sonatas",Q137271520,113,2026-09-22,"Four Hands, Two Sonatas"
Canada,CA,en.wikipedia,82034667,"Four_Hands,_Two_Sonatas",Q137271520,97,2026-09-22,"Four Hands, Two Sonatas"
India,IN,en.wikipedia,82034667,"Four_Hands,_Two_Sonatas",Q137271520,373,2026-09-23,"Four Hands, Two Sonatas"
United States,US,en.wikipedia,82063377,Mousetrap_(TV_series),Q140198906,216,2026-09-23,Mousetrap
United Kingdom,GB,en.wikipedia,82063377,Mousetrap_(TV_series),Q140198906,102,2026-09-23,Mousetrap
United Kingdom,GB,en.wikipedia,82034667,"Four_Hands,_Two_Sonatas",Q137271520,90,2026-09-23,"Four Hands, Two Sonatas"
India,IN,en.wikipedia,75325345,Flex_X_Cop,Q121879488,108,2026-09-23,Flex X Cop Season 2
Philippines,PH,en.wikipedia,83541358,"My_Bias,_My_Boss",Q140329306,92,2026-09-23,"My Bias, My Boss"
United States,US,en.wikipedia,82063072,Our_Sticky_Love,Q137835829,338,2026-09-23,Our Sticky Love
Philippines,PH,en.wikipedia,82034667,"Four_Hands,_Two_Sonatas",Q137271520,255,2026-09-23,"Four Hands, Two Sonatas"
India,IN,en.wikipedia,83541358,"My_Bias,_My_Boss",Q140329306,159,2026-09-23,"My Bias, My Boss"
Philippines,PH,en.wikipedia,83488921,A_Bona_Fide_Killer,Q139411314,184,2026-09-23,A Bona Fide Killer
Philippines,PH,en.wikipedia,82063072,Our_Sticky_Love,Q137835829,132,2026-09-23,Our Sticky Love
Malaysia,MY,en.wikipedia,82063072,Our_Sticky_Love,Q137835829,93,2026-09-23,Our Sticky Love
Philippines,PH,en.wikipedia,82063377,Mousetrap_(TV_series),Q140198906,92,2026-09-23,Mousetrap
United States,US,en.wikipedia,75325345,Flex_X_Cop,Q121879488,148,2026-09-23,Flex X Cop Season 2
Australia,AU,en.wikipedia,82063072,Our_Sticky_Love,Q137835829,93,2026-09-23,Our Sticky Love
United States,US,en.wikipedia,83232158,Spooky_in_Love,Q138266416,295,2026-09-23,Spooky in Love
United States,US,en.wikipedia,75697706,A_Shop_for_Killers,Q123999260,114,2026-09-23,A Shop for Killers Season 2
Philippines,PH,en.wikipedia,75697706,A_Shop_for_Killers,Q123999260,104,2026-09-23,A Shop for Killers Season 2
Malaysia,MY,en.wikipedia,75325345,Flex_X_Cop,Q121879488,94,2026-09-23,Flex X Cop Season 2
United States,US,en.wikipedia,82034667,"Four_Hands,_Two_Sonatas",Q137271520,634,2026-09-23,"Four Hands, Two Sonatas"
India,IN,en.wikipedia,83488921,A_Bona_Fide_Killer,Q139411314,111,2026-09-23,A Bona Fide Killer
India,IN,en.wikipedia,75697706,A_Shop_for_Killers,Q123999260,150,2026-09-23,A Shop for Killers Season 2
Brazil,BR,en.wikipedia,82034667,"Four_Hands,_Two_Sonatas",Q137271520,119,2026-09-23,"Four Hands, Two Sonatas"
Indonesia,ID,en.wikipedia,82034667,"Four_Hands,_Two_Sonatas",Q137271520,114,2026-09-23,"Four Hands, Two Sonatas"
United States,US,en.wikipedia,83541358,"My_Bias,_My_Boss",Q140329306,177,2026-09-23,"My Bias, My Boss"
India,IN,en.wikipedia,82063072,Our_Sticky_Love,Q137835829,207,2026-09-23,Our Sticky Love
India,IN,en.wikipedia,83232158,Spooky_in_Love,Q138266416,136,2026-09-23,Spooky in Love
Malaysia,MY,en.wikipedia,83488921,A_Bona_Fide_Killer,Q139411314,105,2026-09-23,A Bona Fide Killer
Singapore,SG,en.wikipedia,82034667,"Four_Hands,_Two_Sonatas",Q137271520,157,2026-09-23,"Four Hands, Two Sonatas"
India,IN,en.wikipedia,82063377,Mousetrap_(TV_series),Q140198906,132,2026-09-23,Mousetrap
United States,US,en.wikipedia,83488921,A_Bona_Fide_Killer,Q139411314,245,2026-09-23,A Bona Fide Killer
Japan,JP,en.wikipedia,82034667,"Four_Hands,_Two_Sonatas",Q137271520,134,2026-09-23,"Four Hands, Two Sonatas"
Singapore,SG,en.wikipedia,82063377,Mousetrap_(TV_series),Q140198906,92,2026-09-23,Mousetrap
Australia,AU,en.wikipedia,82034667,"Four_Hands,_Two_Sonatas",Q137271520,115,2026-09-23,"Four Hands, Two Sonatas"
Canada,CA,en.wikipedia,82034667,"Four_Hands,_Two_Sonatas",Q137271520,137,2026-09-23,"Four Hands, Two Sonatas"
India,IN,en.wikipedia,82034667,"Four_Hands,_Two_Sonatas",Q137271520,259,2026-09-24,"Four Hands, Two Sonatas"
Malaysia,MY,en.wikipedia,82034667,"Four_Hands,_Two_Sonatas",Q137271520,92,2026-09-24,"Four Hands, Two Sonatas"
United States,US,en.wikipedia,82063377,Mousetrap_(TV_series),Q140198906,198,2026-09-24,Mousetrap
United Kingdom,GB,en.wikipedia,82034667,"Four_Hands,_Two_Sonatas",Q137271520,111,2026-09-24,"Four Hands, Two Sonatas"
India,IN,en.wikipedia,75325345,Flex_X_Cop,Q121879488,114,2026-09-24,Flex X Cop Season 2
United States,US,en.wikipedia,82063072,Our_Sticky_Love,Q137835829,388,2026-09-24,Our Sticky Love
Philippines,PH,en.wikipedia,82034667,"Four_Hands,_Two_Sonatas",Q137271520,187,2026-09-24,"Four Hands, Two Sonatas"
India,IN,en.wikipedia,83541358,"My_Bias,_My_Boss",Q140329306,164,2026-09-24,"My Bias, My Boss"
Philippines,PH,en.wikipedia,83488921,A_Bona_Fide_Killer,Q139411314,156,2026-09-24,A Bona Fide Killer
Italy,IT,en.wikipedia,82034667,"Four_Hands,_Two_Sonatas",Q137271520,96,2026-09-24,"Four Hands, Two Sonatas"
United States,US,en.wikipedia,75325345,Flex_X_Cop,Q121879488,127,2026-09-24,Flex X Cop Season 2
United States,US,en.wikipedia,83232158,Spooky_in_Love,Q138266416,304,2026-09-24,Spooky in Love
United States,US,en.wikipedia,75697706,A_Shop_for_Killers,Q123999260,134,2026-09-24,A Shop for Killers Season 2
Philippines,PH,en.wikipedia,75697706,A_Shop_for_Killers,Q123999260,98,2026-09-24,A Shop for Killers Season 2
United States,US,en.wikipedia,82034667,"Four_Hands,_Two_Sonatas",Q137271520,528,2026-09-24,"Four Hands, Two Sonatas"
India,IN,en.wikipedia,83488921,A_Bona_Fide_Killer,Q139411314,93,2026-09-24,A Bona Fide Killer
India,IN,en.wikipedia,75697706,A_Shop_for_Killers,Q123999260,173,2026-09-24,A Shop for Killers Season 2
Indonesia,ID,en.wikipedia,82034667,"Four_Hands,_Two_Sonatas",Q137271520,130,2026-09-24,"Four Hands, Two Sonatas"
United States,US,en.wikipedia,83541358,"My_Bias,_My_Boss",Q140329306,97,2026-09-24,"My Bias, My Boss"
India,IN,en.wikipedia,82063072,Our_Sticky_Love,Q137835829,225,2026-09-24,Our Sticky Love
India,IN,en.wikipedia,83232158,Spooky_in_Love,Q138266416,92,2026-09-24,Spooky in Love
Malaysia,MY,en.wikipedia,83488921,A_Bona_Fide_Killer,Q139411314,123,2026-09-24,A Bona Fide Killer
Singapore,SG,en.wikipedia,82034667,"Four_Hands,_Two_Sonatas",Q137271520,145,2026-09-24,"Four Hands, Two Sonatas"
India,IN,en.wikipedia,82063377,Mousetrap_(TV_series),Q140198906,138,2026-09-24,Mousetrap
Singapore,SG,en.wikipedia,83488921,A_Bona_Fide_Killer,Q139411314,95,2026-09-24,A Bona Fide Killer
Indonesia,ID,en.wikipedia,75325345,Flex_X_Cop,Q121879488,97,2026-09-24,Flex X Cop Season 2
United States,US,en.wikipedia,83488921,A_Bona_Fide_Killer,Q139411314,176,2026-09-24,A Bona Fide Killer
Malaysia,MY,en.wikipedia,82063377,Mousetrap_(TV_series),Q140198906,110,2026-09-24,Mousetrap
Australia,AU,en.wikipedia,82034667,"Four_Hands,_Two_Sonatas",Q137271520,102,2026-09-24,"Four Hands, Two Sonatas"
Canada,CA,en.wikipedia,82034667,"Four_Hands,_Two_Sonatas",Q137271520,146,2026-09-24,"Four Hands, Two Sonatas"
India,IN,en.wikipedia,82034667,"Four_Hands,_Two_Sonatas",Q137271520,193,2026-09-25,"Four Hands, Two Sonatas"
Malaysia,MY,en.wikipedia,82034667,"Four_Hands,_Two_Sonatas",Q137271520,101,2026-09-25,"Four Hands, Two Sonatas"
United States,US,en.wikipedia,82063377,Mousetrap_(TV_series),Q140198906,216,2026-09-25,Mousetrap
United Kingdom,GB,en.wikipedia,82034667,"Four_Hands,_Two_Sonatas",Q137271520,108,2026-09-25,"Four Hands, Two Sonatas"
India,IN,en.wikipedia,75325345,Flex_X_Cop,Q121879488,148,2026-09-25,Flex X Cop Season 2
Philippines,PH,en.wikipedia,83541358,"My_Bias,_My_Boss",Q140329306,95,2026-09-25,"My Bias, My Boss"
United States,US,en.wikipedia,82063072,Our_Sticky_Love,Q137835829,364,2026-09-25,Our Sticky Love
Philippines,PH,en.wikipedia,82034667,"Four_Hands,_Two_Sonatas",Q137271520,195,2026-09-25,"Four Hands, Two Sonatas"
India,IN,en.wikipedia,83541358,"My_Bias,_My_Boss",Q140329306,178,2026-09-25,"My Bias, My Boss"
Philippines,PH,en.wikipedia,83488921,A_Bona_Fide_Killer,Q139411314,148,2026-09-25,A Bona Fide Killer
Philippines,PH,en.wikipedia,82063072,Our_Sticky_Love,Q137835829,110,2026-09-25,Our Sticky Love
Philippines,PH,en.wikipedia,82063377,Mousetrap_(TV_series),Q140198906,91,2026-09-25,Mousetrap
United States,US,en.wikipedia,75325345,Flex_X_Cop,Q121879488,133,2026-09-25,Flex X Cop Season 2
United States,US,en.wikipedia,83232158,Spooky_in_Love,Q138266416,284,2026-09-25,Spooky in Love
United States,US,en.wikipedia,75697706,A_Shop_for_Killers,Q123999260,143,2026-09-25,A Shop for Killers Season 2
United States,US,en.wikipedia,82034667,"Four_Hands,_Two_Sonatas",Q137271520,580,2026-09-25,"Four Hands, Two Sonatas"
India,IN,en.wikipedia,83488921,A_Bona_Fide_Killer,Q139411314,105,2026-09-25,A Bona Fide Killer
India,IN,en.wikipedia,75697706,A_Shop_for_Killers,Q123999260,162,2026-09-25,A Shop for Killers Season 2
Brazil,BR,en.wikipedia,82034667,"Four_Hands,_Two_Sonatas",Q137271520,110,2026-09-25,"Four Hands, Two Sonatas"
Indonesia,ID,en.wikipedia,82034667,"Four_Hands,_Two_Sonatas",Q137271520,136,2026-09-25,"Four Hands, Two Sonatas"
United States,US,en.wikipedia,83541358,"My_Bias,_My_Boss",Q140329306,150,2026-09-25,"My Bias, My Boss"
India,IN,en.wikipedia,82063072,Our_Sticky_Love,Q137835829,232,2026-09-25,Our Sticky Love
India,IN,en.wikipedia,83232158,Spooky_in_Love,Q138266416,149,2026-09-25,Spooky in Love
Singapore,SG,en.wikipedia,82034667,"Four_Hands,_Two_Sonatas",Q137271520,147,2026-09-25,"Four Hands, Two Sonatas"
India,IN,en.wikipedia,82063377,Mousetrap_(TV_series),Q140198906,141,2026-09-25,Mousetrap
United States,US,en.wikipedia,83488921,A_Bona_Fide_Killer,Q139411314,244,2026-09-25,A Bona Fide Killer
Malaysia,MY,en.wikipedia,82063377,Mousetrap_(TV_series),Q140198906,107,2026-09-25,Mousetrap
Singapore,SG,en.wikipedia,82063377,Mousetrap_(TV_series),Q140198906,97,2026-09-25,Mousetrap
Australia,AU,en.wikipedia,82034667,"Four_Hands,_Two_Sonatas",Q137271520,130,2026-09-25,"Four Hands, Two Sonatas"
Canada,CA,en.wikipedia,82034667,"Four_Hands,_Two_Sonatas",Q137271520,117,2026-09-25,"Four Hands, Two Sonatas"
India,IN,en.wikipedia,82034667,"Four_Hands,_Two_Sonatas",Q137271520,331,2026-09-26,"Four Hands, Two Sonatas"
Malaysia,MY,en.wikipedia,82034667,"Four_Hands,_Two_Sonatas",Q137271520,173,2026-09-26,"Four Hands, Two Sonatas"
United States,US,en.wikipedia,82063377,Mousetrap_(TV_series),Q140198906,178,2026-09-26,Mousetrap
United Kingdom,GB,en.wikipedia,82034667,"Four_Hands,_Two_Sonatas",Q137271520,126,2026-09-26,"Four Hands, Two Sonatas"
India,IN,en.wikipedia,75325345,Flex_X_Cop,Q121879488,136,2026-09-26,Flex X Cop Season 2
United States,US,en.wikipedia,82063072,Our_Sticky_Love,Q137835829,418,2026-09-26,Our Sticky Love
Philippines,PH,en.wikipedia,82034667,"Four_Hands,_Two_Sonatas",Q137271520,281,2026-09-26,"Four Hands, Two Sonatas"
India,IN,en.wikipedia,83541358,"My_Bias,_My_Boss",Q140329306,177,2026-09-26,"My Bias, My Boss"
Philippines,PH,en.wikipedia,83488921,A_Bona_Fide_Killer,Q139411314,221,2026-09-26,A Bona Fide Killer
Singapore,SG,en.wikipedia,75325345,Flex_X_Cop,Q121879488,115,2026-09-26,Flex X Cop Season 2
Italy,IT,en.wikipedia,82034667,"Four_Hands,_Two_Sonatas",Q137271520,111,2026-09-26,"Four Hands, Two Sonatas"
Philippines,PH,en.wikipedia,82063072,Our_Sticky_Love,Q137835829,126,2026-09-26,Our Sticky Love
Singapore,SG,en.wikipedia,82063072,Our_Sticky_Love,Q137835829,101,2026-09-26,Our Sticky Love
Malaysia,MY,en.wikipedia,82063072,Our_Sticky_Love,Q137835829,100,2026-09-26,Our Sticky Love
Singapore,SG,en.wikipedia,83232158,Spooky_in_Love,Q138266416,94,2026-09-26,Spooky in Love
United States,US,en.wikipedia,75325345,Flex_X_Cop,Q121879488,175,2026-09-26,Flex X Cop Season 2
United States,US,en.wikipedia,83232158,Spooky_in_Love,Q138266416,317,2026-09-26,Spooky in Love
United States,US,en.wikipedia,75697706,A_Shop_for_Killers,Q123999260,118,2026-09-26,A Shop for Killers Season 2
United States,US,en.wikipedia,82034667,"Four_Hands,_Two_Sonatas",Q137271520,887,2026-09-26,"Four Hands, Two Sonatas"
India,IN,en.wikipedia,75697706,A_Shop_for_Killers,Q123999260,152,2026-09-26,A Shop for Killers Season 2
Brazil,BR,en.wikipedia,82034667,"Four_Hands,_Two_Sonatas",Q137271520,108,2026-09-26,"Four Hands, Two Sonatas"
Indonesia,ID,en.wikipedia,82034667,"Four_Hands,_Two_Sonatas",Q137271520,132,2026-09-26,"Four Hands, Two Sonatas"
United States,US,en.wikipedia,83541358,"My_Bias,_My_Boss",Q140329306,134,2026-09-26,"My Bias, My Boss"
Singapore,SG,en.wikipedia,75697706,A_Shop_for_Killers,Q123999260,144,2026-09-26,A Shop for Killers Season 2
India,IN,en.wikipedia,82063072,Our_Sticky_Love,Q137835829,196,2026-09-26,Our Sticky Love
India,IN,en.wikipedia,83232158,Spooky_in_Love,Q138266416,191,2026-09-26,Spooky in Love
Singapore,SG,en.wikipedia,82034667,"Four_Hands,_Two_Sonatas",Q137271520,272,2026-09-26,"Four Hands, Two Sonatas"
India,IN,en.wikipedia,82063377,Mousetrap_(TV_series),Q140198906,166,2026-09-26,Mousetrap
Singapore,SG,en.wikipedia,83488921,A_Bona_Fide_Killer,Q139411314,91,2026-09-26,A Bona Fide Killer
United States,US,en.wikipedia,83488921,A_Bona_Fide_Killer,Q139411314,276,2026-09-26,A Bona Fide Killer
Canada,CA,en.wikipedia,82063072,Our_Sticky_Love,Q137835829,104,2026-09-26,Our Sticky Love
Japan,JP,en.wikipedia,82034667,"Four_Hands,_Two_Sonatas",Q137271520,127,2026-09-26,"Four Hands, Two Sonatas"
Malaysia,MY,en.wikipedia,82063377,Mousetrap_(TV_series),Q140198906,115,2026-09-26,Mousetrap
Australia,AU,en.wikipedia,82034667,"Four_Hands,_Two_Sonatas",Q137271520,106,2026-09-26,"Four Hands, Two Sonatas"
Canada,CA,en.wikipedia,82034667,"Four_Hands,_Two_Sonatas",Q137271520,156,2026-09-26,"Four Hands, Two Sonatas"
India,IN,en.wikipedia,82034667,"Four_Hands,_Two_Sonatas",Q137271520,660,2026-09-27,"Four Hands, Two Sonatas"
Malaysia,MY,en.wikipedia,82034667,"Four_Hands,_Two_Sonatas",Q137271520,276,2026-09-27,"Four Hands, Two Sonatas"
United States,US,en.wikipedia,82063377,Mousetrap_(TV_series),Q140198906,240,2026-09-27,Mousetrap
United Kingdom,GB,en.wikipedia,82034667,"Four_Hands,_Two_Sonatas",Q137271520,248,2026-09-27,"Four Hands, Two Sonatas"
India,IN,en.wikipedia,75325345,Flex_X_Cop,Q121879488,103,2026-09-27,Flex X Cop Season 2
Philippines,PH,en.wikipedia,83541358,"My_Bias,_My_Boss",Q140329306,92,2026-09-27,"My Bias, My Boss"
United States,US,en.wikipedia,82063072,Our_Sticky_Love,Q137835829,419,2026-09-27,Our Sticky Love
Philippines,PH,en.wikipedia,82034667,"Four_Hands,_Two_Sonatas",Q137271520,445,2026-09-27,"Four Hands, Two Sonatas"
India,IN,en.wikipedia,83541358,"My_Bias,_My_Boss",Q140329306,149,2026-09-27,"My Bias, My Boss"
Philippines,PH,en.wikipedia,83488921,A_Bona_Fide_Killer,Q139411314,177,2026-09-27,A Bona Fide Killer
Philippines,PH,en.wikipedia,75325345,Flex_X_Cop,Q121879488,101,2026-09-27,Flex X Cop Season 2
Italy,IT,en.wikipedia,82034667,"Four_Hands,_Two_Sonatas",Q137271520,226,2026-09-27,"Four Hands, Two Sonatas"
Philippines,PH,en.wikipedia,82063072,Our_Sticky_Love,Q137835829,146,2026-09-27,Our Sticky Love
Singapore,SG,en.wikipedia,82063072,Our_Sticky_Love,Q137835829,97,2026-09-27,Our Sticky Love
Indonesia,ID,en.wikipedia,83488921,A_Bona_Fide_Killer,Q139411314,117,2026-09-27,A Bona Fide Killer
Germany,DE,en.wikipedia,82034667,"Four_Hands,_Two_Sonatas",Q137271520,149,2026-09-27,"Four Hands, Two Sonatas"
United States,US,en.wikipedia,75325345,Flex_X_Cop,Q121879488,160,2026-09-27,Flex X Cop Season 2
United States,US,en.wikipedia,83232158,Spooky_in_Love,Q138266416,417,2026-09-27,Spooky in Love
United States,US,en.wikipedia,75697706,A_Shop_for_Killers,Q123999260,154,2026-09-27,A Shop for Killers Season 2
Philippines,PH,en.wikipedia,75697706,A_Shop_for_Killers,Q123999260,123,2026-09-27,A Shop for Killers Season 2
United States,US,en.wikipedia,82034667,"Four_Hands,_Two_Sonatas",Q137271520,1243,2026-09-27,"Four Hands, Two Sonatas"
India,IN,en.wikipedia,83488921,A_Bona_Fide_Killer,Q139411314,110,2026-09-27,A Bona Fide Killer
Canada,CA,en.wikipedia,75697706,A_Shop_for_Killers,Q123999260,94,2026-09-27,A Shop for Killers Season 2
India,IN,en.wikipedia,75697706,A_Shop_for_Killers,Q123999260,134,2026-09-27,A Shop for Killers Season 2
Brazil,BR,en.wikipedia,82034667,"Four_Hands,_Two_Sonatas",Q137271520,256,2026-09-27,"Four Hands, Two Sonatas"
Indonesia,ID,en.wikipedia,82034667,"Four_Hands,_Two_Sonatas",Q137271520,217,2026-09-27,"Four Hands, Two Sonatas"
United States,US,en.wikipedia,83541358,"My_Bias,_My_Boss",Q140329306,159,2026-09-27,"My Bias, My Boss"
India,IN,en.wikipedia,82063072,Our_Sticky_Love,Q137835829,263,2026-09-27,Our Sticky Love
India,IN,en.wikipedia,83232158,Spooky_in_Love,Q138266416,138,2026-09-27,Spooky in Love
Malaysia,MY,en.wikipedia,83488921,A_Bona_Fide_Killer,Q139411314,97,2026-09-27,A Bona Fide Killer
Singapore,SG,en.wikipedia,82034667,"Four_Hands,_Two_Sonatas",Q137271520,383,2026-09-27,"Four Hands, Two Sonatas"
India,IN,en.wikipedia,82063377,Mousetrap_(TV_series),Q140198906,148,2026-09-27,Mousetrap
Malaysia,MY,en.wikipedia,83232158,Spooky_in_Love,Q138266416,108,2026-09-27,Spooky in Love
Thailand,TH,en.wikipedia,82034667,"Four_Hands,_Two_Sonatas",Q137271520,131,2026-09-27,"Four Hands, Two Sonatas"
United States,US,en.wikipedia,83488921,A_Bona_Fide_Killer,Q139411314,303,2026-09-27,A Bona Fide Killer
Canada,CA,en.wikipedia,82063072,Our_Sticky_Love,Q137835829,142,2026-09-27,Our Sticky Love
Japan,JP,en.wikipedia,82034667,"Four_Hands,_Two_Sonatas",Q137271520,164,2026-09-27,"Four Hands, Two Sonatas"
Australia,AU,en.wikipedia,82034667,"Four_Hands,_Two_Sonatas",Q137271520,263,2026-09-27,"Four Hands, Two Sonatas"
Canada,CA,en.wikipedia,82034667,"Four_Hands,_Two_Sonatas",Q137271520,209,2026-09-27,"Four Hands, Two Sonatas"
Poland,PL,en.wikipedia,82034667,"Four_Hands,_Two_Sonatas",Q137271520,104,2026-09-27,"Four Hands, Two Sonatas"
India,IN,en.wikipedia,82034667,"Four_Hands,_Two_Sonatas",Q137271520,630,2026-09-28,"Four Hands, Two Sonatas"
Malaysia,MY,en.wikipedia,82034667,"Four_Hands,_Two_Sonatas",Q137271520,175,2026-09-28,"Four Hands, Two Sonatas"
United States,US,en.wikipedia,82063377,Mousetrap_(TV_series),Q140198906,226,2026-09-28,Mousetrap
United Kingdom,GB,en.wikipedia,82034667,"Four_Hands,_Two_Sonatas",Q137271520,233,2026-09-28,"Four Hands, Two Sonatas"
India,IN,en.wikipedia,75325345,Flex_X_Cop,Q121879488,93,2026-09-28,Flex X Cop Season 2
United States,US,en.wikipedia,82063072,Our_Sticky_Love,Q137835829,425,2026-09-28,Our Sticky Love
Philippines,PH,en.wikipedia,82034667,"Four_Hands,_Two_Sonatas",Q137271520,348,2026-09-28,"Four Hands, Two Sonatas"
India,IN,en.wikipedia,83541358,"My_Bias,_My_Boss",Q140329306,120,2026-09-28,"My Bias, My Boss"
Philippines,PH,en.wikipedia,83488921,A_Bona_Fide_Killer,Q139411314,182,2026-09-28,A Bona Fide Killer
Italy,IT,en.wikipedia,82034667,"Four_Hands,_Two_Sonatas",Q137271520,165,2026-09-28,"Four Hands, Two Sonatas"
Philippines,PH,en.wikipedia,82063072,Our_Sticky_Love,Q137835829,131,2026-09-28,Our Sticky Love
Germany,DE,en.wikipedia,82034667,"Four_Hands,_Two_Sonatas",Q137271520,102,2026-09-28,"Four Hands, Two Sonatas"
United States,US,en.wikipedia,75325345,Flex_X_Cop,Q121879488,134,2026-09-28,Flex X Cop Season 2
United States,US,en.wikipedia,83232158,Spooky_in_Love,Q138266416,325,2026-09-28,Spooky in Love
United States,US,en.wikipedia,75697706,A_Shop_for_Killers,Q123999260,181,2026-09-28,A Shop for Killers Season 2
United States,US,en.wikipedia,82034667,"Four_Hands,_Two_Sonatas",Q137271520,1292,2026-09-28,"Four Hands, Two Sonatas"
India,IN,en.wikipedia,75697706,A_Shop_for_Killers,Q123999260,107,2026-09-28,A Shop for Killers Season 2
Brazil,BR,en.wikipedia,82034667,"Four_Hands,_Two_Sonatas",Q137271520,194,2026-09-28,"Four Hands, Two Sonatas"
Indonesia,ID,en.wikipedia,82034667,"Four_Hands,_Two_Sonatas",Q137271520,222,2026-09-28,"Four Hands, Two Sonatas"
United States,US,en.wikipedia,83541358,"My_Bias,_My_Boss",Q140329306,110,2026-09-28,"My Bias, My Boss"
India,IN,en.wikipedia,82063072,Our_Sticky_Love,Q137835829,204,2026-09-28,Our Sticky Love
India,IN,en.wikipedia,83232158,Spooky_in_Love,Q138266416,123,2026-09-28,Spooky in Love
Malaysia,MY,en.wikipedia,83488921,A_Bona_Fide_Killer,Q139411314,91,2026-09-28,A Bona Fide Killer
Singapore,SG,en.wikipedia,82034667,"Four_Hands,_Two_Sonatas",Q137271520,340,2026-09-28,"Four Hands, Two Sonatas"
India,IN,en.wikipedia,82063377,Mousetrap_(TV_series),Q140198906,111,2026-09-28,Mousetrap
Thailand,TH,en.wikipedia,82034667,"Four_Hands,_Two_Sonatas",Q137271520,112,2026-09-28,"Four Hands, Two Sonatas"
United States,US,en.wikipedia,83488921,A_Bona_Fide_Killer,Q139411314,183,2026-09-28,A Bona Fide Killer
Japan,JP,en.wikipedia,82034667,"Four_Hands,_Two_Sonatas",Q137271520,192,2026-09-28,"Four Hands, Two Sonatas"
Australia,AU,en.wikipedia,82034667,"Four_Hands,_Two_Sonatas",Q137271520,210,2026-09-28,"Four Hands, Two Sonatas"
Philippines,PH,en.wikipedia,83232158,Spooky_in_Love,Q138266416,90,2026-09-28,Spooky in Love
Canada,CA,en.wikipedia,82034667,"Four_Hands,_Two_Sonatas",Q137271520,240,2026-09-28,"Four Hands, Two Sonatas"
Poland,PL,en.wikipedia,82034667,"Four_Hands,_Two_Sonatas",Q137271520,92,2026-09-28,"Four Hands, Two Sonatas"
Malaysia,MY,en.wikipedia,75697706,A_Shop_for_Killers,Q123999260,100,2026-09-29,A Shop for Killers Season 2
India,IN,en.wikipedia,82034667,"Four_Hands,_Two_Sonatas",Q137271520,412,2026-09-29,"Four Hands, Two Sonatas"
Malaysia,MY,en.wikipedia,82034667,"Four_Hands,_Two_Sonatas",Q137271520,143,2026-09-29,"Four Hands, Two Sonatas"
United States,US,en.wikipedia,82063377,Mousetrap_(TV_series),Q140198906,233,2026-09-29,Mousetrap
United Kingdom,GB,en.wikipedia,82034667,"Four_Hands,_Two_Sonatas",Q137271520,143,2026-09-29,"Four Hands, Two Sonatas"
United States,US,en.wikipedia,82063072,Our_Sticky_Love,Q137835829,303,2026-09-29,Our Sticky Love
Philippines,PH,en.wikipedia,82034667,"Four_Hands,_Two_Sonatas",Q137271520,233,2026-09-29,"Four Hands, Two Sonatas"
India,IN,en.wikipedia,83541358,"My_Bias,_My_Boss",Q140329306,169,2026-09-29,"My Bias, My Boss"
Philippines,PH,en.wikipedia,83488921,A_Bona_Fide_Killer,Q139411314,123,2026-09-29,A Bona Fide Killer
Philippines,PH,en.wikipedia,82063072,Our_Sticky_Love,Q137835829,119,2026-09-29,Our Sticky Love
Singapore,SG,en.wikipedia,82063072,Our_Sticky_Love,Q137835829,106,2026-09-29,Our Sticky Love
United States,US,en.wikipedia,75325345,Flex_X_Cop,Q121879488,99,2026-09-29,Flex X Cop Season 2
United States,US,en.wikipedia,83232158,Spooky_in_Love,Q138266416,241,2026-09-29,Spooky in Love
United States,US,en.wikipedia,75697706,A_Shop_for_Killers,Q123999260,138,2026-09-29,A Shop for Killers Season 2
United States,US,en.wikipedia,82034667,"Four_Hands,_Two_Sonatas",Q137271520,793,2026-09-29,"Four Hands, Two Sonatas"
India,IN,en.wikipedia,75697706,A_Shop_for_Killers,Q123999260,117,2026-09-29,A Shop for Killers Season 2
Brazil,BR,en.wikipedia,82034667,"Four_Hands,_Two_Sonatas",Q137271520,119,2026-09-29,"Four Hands, Two Sonatas"
Indonesia,ID,en.wikipedia,82034667,"Four_Hands,_Two_Sonatas",Q137271520,166,2026-09-29,"Four Hands, Two Sonatas"
United States,US,en.wikipedia,83541358,"My_Bias,_My_Boss",Q140329306,121,2026-09-29,"My Bias, My Boss"
India,IN,en.wikipedia,82063072,Our_Sticky_Love,Q137835829,170,2026-09-29,Our Sticky Love
India,IN,en.wikipedia,83232158,Spooky_in_Love,Q138266416,138,2026-09-29,Spooky in Love
Singapore,SG,en.wikipedia,82034667,"Four_Hands,_Two_Sonatas",Q137271520,279,2026-09-29,"Four Hands, Two Sonatas"
India,IN,en.wikipedia,82063377,Mousetrap_(TV_series),Q140198906,137,2026-09-29,Mousetrap
United States,US,en.wikipedia,83488921,A_Bona_Fide_Killer,Q139411314,255,2026-09-29,A Bona Fide Killer
Japan,JP,en.wikipedia,82034667,"Four_Hands,_Two_Sonatas",Q137271520,151,2026-09-29,"Four Hands, Two Sonatas"
Australia,AU,en.wikipedia,82034667,"Four_Hands,_Two_Sonatas",Q137271520,141,2026-09-29,"Four Hands, Two Sonatas"
Canada,CA,en.wikipedia,82034667,"Four_Hands,_Two_Sonatas",Q137271520,99,2026-09-29,"Four Hands, Two Sonatas"
India,IN,en.wikipedia,82034667,"Four_Hands,_Two_Sonatas",Q137271520,342,2026-09-30,"Four Hands, Two Sonatas"
Malaysia,MY,en.wikipedia,82034667,"Four_Hands,_Two_Sonatas",Q137271520,100,2026-09-30,"Four Hands, Two Sonatas"
United States,US,en.wikipedia,82063377,Mousetrap_(TV_series),Q140198906,143,2026-09-30,Mousetrap
India,IN,en.wikipedia,75325345,Flex_X_Cop,Q121879488,98,2026-09-30,Flex X Cop Season 2
United States,US,en.wikipedia,82063072,Our_Sticky_Love,Q137835829,288,2026-09-30,Our Sticky Love
Philippines,PH,en.wikipedia,82034667,"Four_Hands,_Two_Sonatas",Q137271520,199,2026-09-30,"Four Hands, Two Sonatas"
India,IN,en.wikipedia,83541358,"My_Bias,_My_Boss",Q140329306,158,2026-09-30,"My Bias, My Boss"
Philippines,PH,en.wikipedia,83488921,A_Bona_Fide_Killer,Q139411314,131,2026-09-30,A Bona Fide Killer
Italy,IT,en.wikipedia,82034667,"Four_Hands,_Two_Sonatas",Q137271520,102,2026-09-30,"Four Hands, Two Sonatas"
Philippines,PH,en.wikipedia,82063072,Our_Sticky_Love,Q137835829,91,2026-09-30,Our Sticky Love
Singapore,SG,en.wikipedia,83232158,Spooky_in_Love,Q138266416,106,2026-09-30,Spooky in Love
United States,US,en.wikipedia,83232158,Spooky_in_Love,Q138266416,267,2026-09-30,Spooky in Love
United States,US,en.wikipedia,75697706,A_Shop_for_Killers,Q123999260,117,2026-09-30,A Shop for Killers Season 2
United States,US,en.wikipedia,82034667,"Four_Hands,_Two_Sonatas",Q137271520,690,2026-09-30,"Four Hands, Two Sonatas"
India,IN,en.wikipedia,83488921,A_Bona_Fide_Killer,Q139411314,94,2026-09-30,A Bona Fide Killer
India,IN,en.wikipedia,75697706,A_Shop_for_Killers,Q123999260,148,2026-09-30,A Shop for Killers Season 2
Brazil,BR,en.wikipedia,82034667,"Four_Hands,_Two_Sonatas",Q137271520,91,2026-09-30,"Four Hands, Two Sonatas"
India,IN,en.wikipedia,82063072,Our_Sticky_Love,Q137835829,174,2026-09-30,Our Sticky Love
India,IN,en.wikipedia,83232158,Spooky_in_Love,Q138266416,98,2026-09-30,Spooky in Love
Singapore,SG,en.wikipedia,82034667,"Four_Hands,_Two_Sonatas",Q137271520,189,2026-09-30,"Four Hands, Two Sonatas"
India,IN,en.wikipedia,82063377,Mousetrap_(TV_series),Q140198906,136,2026-09-30,Mousetrap
United States,US,en.wikipedia,83488921,A_Bona_Fide_Killer,Q139411314,250,2026-09-30,A Bona Fide Killer
Japan,JP,en.wikipedia,82034667,"Four_Hands,_Two_Sonatas",Q137271520,134,2026-09-30,"Four Hands, Two Sonatas"
Australia,AU,en.wikipedia,82034667,"Four_Hands,_Two_Sonatas",Q137271520,102,2026-09-30,"Four Hands, Two Sonatas"
Canada,CA,en.wikipedia,82034667,"Four_Hands,_Two_Sonatas",Q137271520,135,2026-09-30,"Four Hands, Two Sonatas"
